0,31894,2257,1310,14508,39369,32299,13456,40726
0,43102,15500,40538,29048,1310,4431,3220,3909
0,33176,27688,37346,7803,1310,41672,48720,31358,24878,26495
0,24251,4621,23984,32006,1310,44613,34938,14470
0,8162,8501,17141,2666,22263,28663,30047,1310,44471,21536,42046,11410
0,4904,33488,1310,2086,44699
0,32685,36429,20782,7789,1310,2975
0,11443,15867,19713,41366,40153,1310,47744,24559,4455
0,11949,23525,9118,1310,46076,21198,23506,17138,42385
0,22262,19968,25439,12908,39837,1310,40796,31599,24374,17042
0,21444,46489,1523,45678,36366,1310,34375,49419,43939,33480
0,17424,15809,1310,4652,12080,20487,7654
0,9289,7646,32100,13696,39518,1310,22269,41112
0,23111,24374,31599,40796,1310,11365,3878,46886,295
0,49574,43068,762,6805,39216,12888,1310,40989,44787,44532,44879,23437
0,6483,40016,28501,6561,1310,29408,16332
0,21025,1310,40833,1196,42860
0,38781,38602,40196,38597,1310,14016,26047,27221
0,16109,47134,46788,41949,6369,25079,38379,44270,15679,36845,36105,1310,36714,11281,44275,36928,12790
0,5120,36105,1310,43713,43560,49115,27319
0,23004,36247,3619,12355,28924,1310,34220,9037,19399,25080
0,11916,22113,1310,4636,34760,37484,33794,28740
0,1603,35036,37090,1310,6512,14778,32355
0,22773,30632,25558,18634,1310,30128,24820,48385
0,34050,36266,1310,48921,16037,27056
0,22413,47343,12293,1310,7160,23064,2824
0,20695,28819,22949,1310,9699,13664,9166,12597,40511
0,37514,8572,1310,29910,2170
0,32279,1310,13482,46739
0,28725,27921,22270,1310,24644,2104,34445,1448,11246,32441,20095
0,1139,23196,1310,38692,48829
0,2527,17120,41637,28467,1310,2554,41241,12965,39561
0,32030,46955,39399,42670,40696,1310,9784,27965,38696
0,555,20591,1310,38681,28741,22574
0,23489,1310,43420,41699
0,18678,1310,18403,46165,31967,24856,4488
0,41607,26578,24488,21794,1310,10473,43707
0,25831,6175,45867,1310,42586,44659
0,17645,5415,30128,1310,39610,5559,43295
0,49157,4808,44996,45717,1310,31304,2774,5723,35043,41847
0,33189,33241,38578,1310,48549,33592,3427,29692
0,31978,7564,46171,1310,13035,49969,2496,32251,34222,5796
0,43562,49948,49027,847,1007,1310,9281,24274,38453
0,30638,16512,5940,28438,19023,1310,28925,22019
0,47763,25635,7190,49411,48816,1310,14979,39055
0,33441,34779,5248,26414,1310,49284,33260,4589,33131,48620
0,34866,39419,39228,48210,1310,17378,22961,31816
0,32412,41985,966,1310,3963,39373,17784,18983,48370
0,33744,6653,46744,1310,14357,29364,40077
0,33188,30317,1310,17378,26009,5985
0,5571,42586,1310,42567,19509
0,8955,5961,1310,14016,44692
0,42246,25058,24540,29626,4237,25186,17664,38565
0,43014,43729,21475,1310,18634,20331
0,6765,1206,8636,40073,26681,39610,1310,16751
0,23429,26752,37057,3754,49310,5233,39533,42262,2712,16081,25204,10575,12781
0,42605,48320,42521,1310,19871,48935,45167,4935,35776,41482
0,11127,22645,3883,27587,1310,42388,2722,37189
0,16981,16462,3754,1310,5472,25662,22454
0,4397,3518,486,2599,1310,9475,35013,19972
0,21212,1310,39600,40303,13804,13934
0,6902,5465,3426,4969,1310,8928,48398,18363
0,44611,22484,16113,1499,1310,48549,39216,21222,47956,26502
0,30382,27347,20229,34271,4284,39567,15759,1310,42301,38667
0,12912,47262,40791,1310,2935,48293
0,3528,12569,33020,20458,1310,47108,32553
0,3865,38802,1310,18634,25558,15760
0,28077,11909,1310,21475,20630,13888,19990,5861
0,27548,23195,7959,47018,22949,1310,48130,31702,22196,32523,7649,19298
0,31017,7485,1310,34411,36728,26551,8841
0,2732,8338,23268,11763,3754,1310,26241,12116,42402,15491,2437,2298,8725,35495
0,30972,12614,26020,43169,39781,1310,8128,7118,23193
0,40593,8519,1310,24644,31803,44599
0,36872,22337,18420,1310,3062,9509,11019,5716,42686,19491
0,4020,28015,1310,42872,686,46492,45390
0,15547,38,1310,6597
0,26687,3899,27745,23882,1310,15211,29867,32686,35021,16427,32886
0,8537,26037,32626,1310,6561,31023,13345,17046,848,34216
0,27075,43432,4505,20405,45766,1310,6719,44477,1048,41492
0,23929,36441,46294,49364,17630,41672,1310,18999
0,43048,35431,48113,1310,38082,12495
0,21539,18602,10631,11214,1310,48549,25558,11080,3920,41197,43,33679
0,40867,45080,20752,1310,29626,40213
0,12819,11559,27798,20973,47650,1310,2548,14029,8686,42992,1839
0,47236,184,48851,22618,33975,1310,28467,41637,17120,1647,5533,10121
0,20691,1310,5706,23976,14607,21719
0,4411,1310,48549,45530
0,23152,6825,44356,1310,8734,20730,44361,45602
0,9454,211,43238,30240,23882,1310,41371,7884
0,47318,18440,1310,42567,33367,44469
0,21157,21883,47346,1310,23316,45026,24586,48126,21465
0,3179,25290,1310,45033,838
0,1318,30488,21782,43931,47179,1310,22269,8193,5187,20434
0,34475,33614,1311,966,1310,9866,11067
0,47577,33918,28306,31379,1310,43914,48656,43325,19753,14021,3702
0,33990,34276,45866,17702,32017,5707,1310,18047
0,46796,6719,1310,47864,15492,12444,40672,21741,39579,12672
0,45143,15861,3286,47038,25057,34599,39271,1310,23701,42985
0,39968,8753,30225,23103,1310,14016,34606,24767,42116,36589
0,6793,46172,28836,42704,46711,3045,1310,22158,3401,41510,11619
0,24904,14607,23976,5706,1310,28689,25785,4188,36817,40085,32034
0,18791,39463,1310,16070,46692
0,12559,30169,1310,3754,1637,20366,48104,14445,11634,38858,39251,49875
0,43002,14198,21012,42800,12314,17422,1310,32236,1718,22671
0,26195,10631,11214,1310,33975,14785,41187,5464
0,32130,40911,5557,36714,1310,49284,34442
0,1839,42992,8686,14029,2548,1310,43298,24728,29142,7341,42798
0,47834,19590,38994,45337,17808,1310,36336,12458,3703
0,28775,46783,38020,45904,246,1310,36914
0,12939,6388,15550,22663,1310,15495,36006,17365,3588
0,23637,15423,7878,34355,23316,1310,42521,7086,47542
0,20573,32666,24499,1310,1108,11598,9109
0,19993,39359,16081,2712,42262,39533,5233,1310,31383,28332,9988,48714,20906
0,28945,1310,4157,9107
0,45123,43420,1310,6719,20171,46849,46937,45272
0,13341,1310,37851
0,3436,10539,39767,11432,1310,47797,22530,10493,41755,4740,30733,18774
0,34320,43765,44740,11322,3269,1310,25916,42235
0,30467,40858,42259,29458,4327,1310,48549,33727
0,44102,5740,5707,9787,45561,31427,34785
0,41299,10193,43704,40694,19148,1310,37836,36440,42352
0,35147,15922,45266,21489,34719,19871,1310,41380,7553,22377,4499
0,31551,5549,31331,14809,47638,39426,1310,45849
0,8181,44384,42286,15579,36109,1310,43914,32264,4231,9283,21626
0,6935,14016,1310,1304,9269,18790,35998,14314,32514
0,45442,3292,38024,1310,37491,17102,19640,17887,7285
0,1680,18163,14016,45445,37057,26752,25188
0,36925,4086,17532,25744,22840,1310,46744,6653,38820,545
0,27177,11350,43948,5707,1310,9140,43599,33994,19565
0,48622,20874,22269,1310,1844,22458,14654,49787,11893,47115
0,12557,10112,11909,1310,29748,16323,9609
0,7600,1310,15231,46129,35405
0,46331,37683,48774,17760,1310,20888
0,11707,20119,29465,27723,14281,1310,49576,6956,1309,15192
0,13695,1310,4237,41195,10341
0,6232,36581,22269,1310,25290,29394
0,15918,21980,36488,1310,22213,47815,25776,18691,22833
0,19454,35883,23693,4985,1310,9427
0,30644,14023,6399,45264,1310,3275,10311,44726,19572,26512
0,32283,16844,18242,1310,37291,45274
0,32201,21766,34411,1310,32626,37418,49522,8052
0,21018,1310,42586,32257
0,20543,22269,1310,20421,13492,48472,24979
0,35874,27928,1310,15040,24433,26553
0,5301,36503,28260,48576,29566,6317,20631,1310,7453,6238,32908,5040,19735
0,31856,32112,29626,14016,46158,35188,48706,24657
0,45652,22269,1310,2554,28276,16689,27064,17367,23106,41751
0,6144,33452,12496,1310,43005,9238
0,3514,26793,6685,1310,21577
0,31559,49284,1310,48549,25558,22535,37862
0,4492,31718,30849,6531,1310,39338,42336,4613,31949
0,19509,42567,19621,44111,22530,6702
0,19078,21534,49719,39186,34697,10545,35780,1310,42521,20937
0,5967,29763,35716,44433,1310,25028,33557
0,10642,30576,42884,26596,1310,33678,49766
0,21183,1310,19356,48953,849,2612,19257
0,44368,26232,48315,9285,2743,42008,38181,1310,22069,16940
0,38117,44213,5082,1310,1455,16343,39131
0,28229,30387,11259,46155,5707,1310,49989,12003,19791
0,2868,18690,23456,32648,31472,1310,48568,42113,18728
0,32806,38244,32419,1127,1310,33865,19302,39606,11575,46561
0,8748,1310,36282,10725,2524,2085,38852,27039,42737
0,43683,7842,49667,25084,1310,2554,35265,2319
0,24061,16391,43298,1310,25429,20133
0,29343,11363,37552,19621,1310,5368,47184
0,14766,1310,31926,33077,41892
0,14039,42521,1310,8371
0,29739,34385,28928,43249,32837,1310,41754,30532,31264,42110,6781
0,49154,44087,22616,27495,1310,14016,26047,5431
0,25314,17019,23478,14756,21418,3239,37049,32610,34438
0,15281,16374,36356,6188,1310,14155,38991
0,27023,35748,26362,1310,45714,25519,36125,15109,16054
0,2937,2205,29776,8742,45033,1310,43161,24471,42315
0,29672,27530,7626,18634,1310,5707,24165,25764,10001,36671
0,43459,29508,42122,20026,1310,7063,27091,31002,39335
0,47781,4668,45783,39828,47831,8554,8388,27802,4105
0,25760,27639,24669,1310,20631,29390
0,23570,36764,1310,28467,41637,17120,1647,5533,10121
0,21935,23316,1310,14016,21467,30078,13766
0,36851,16769,20955,7661,1310,1584,27320,29667,18038,33258
0,10721,10350,34411,1310,38418,18951,8529,16553,24865,26283,17691,26507
0,24673,15194,13972,1310,37832,12287,31453
0,45248,48523,35034,1541,14680,1310,25084,49667,32274,13472
0,42646,18086,9866,1310,31926,38526,31961,8639,13088,35190,411
0,34535,9325,1310,20328,22610,30708
0,1156,30202,5472,1310,44810,6831
0,44866,14016,28101,39538,16084,31893,15792,42334
0,23806,48761,8084,27422,4522,1310,8188,6550,45876
0,47448,1310,39519,15167,33645
0,36277,29045,7582,1310,35244,15555,42444,33726,33519,20342
0,31699,36088,29626,1310,35826,3628,1492
0,22842,41868,1310,8824,48196,27099
0,25640,15719,40153,1310,23896,41448,43536,12747,34672
0,4485,11909,1310,3467,39287,27823,46998,35324
0,3589,18020,6809,25219,44219,27918,1724,16184,1310,26655,14730,14722
0,22599,31215,16694,39781,1310,42937,6351,3739,35767
0,44852,41,18974,1310,1584,27320,29667,18038,26582
0,42545,1794,19329,15394,33718,21208,11051,1310,12507,33019,4406
0,8709,36965,5707,1310,2168,7855,11079
0,25005,19643,1310,2661,7449,6082
0,15535,16378,27721,33768,1310,32676,14856,25537,45400
0,26868,1310,34411,45508,14905,5337,9660,49639,4997
0,67,19310,37057,45445,14016,30786
0,26065,44936,47022,347,1310,34562,9450,21669,39464
0,45634,15884,24107,31431,42766,16966,2517,1310,8519,40593
0,27696,189,1310,26880,17212
0,4734,45963,41643,11923,29536,24924,36024,1310,32700,39687
0,35443,7813,3754,1310,26935,14576
0,10308,42240,21250,1589,16184,1310,20580,28013
0,30649,22176,47005,19810,1310,27367,41937
0,44373,7523,14300,4443,1384,1310,6188,8673,44878
0,41611,8048,10183,24666,24028,3046,7241,1310,46239,46823,43143
0,42816,40230,14910,5368,1310,13995,960
0,36267,7517,1310,19621,19358,26130,20104
0,15105,14425,1310,45617,40367,35031
0,15375,44899,24518,1310,20684,34592
0,17783,27083,33539,39334,49326,23790,1310,3625
0,33762,38811,49840,1310,45717,27973,42696,22363,3028
0,30989,43563,6103,37484,34760,4636,1310,14016,36586,6580
0,3130,14104,78,6354,1108,1310,48747,46408,39671,12542
0,22503,29759,14016,25611,1163,20268
0,42379,1310,45870,39421,39534,12111,10363,6602,14157
0,23553,38398,12898,1310,45902,10487,12570,26709,22655
0,31487,47860,1310,4327,29458,19260
0,29542,14659,30365,20791,1310,18395,47445,46398,10988,7463
0,7345,22295,1310,47108,27715,1772,11217,40863,3366,36122
0,15793,43713,1310,13666,49018,7219,26060
0,6637,15787,18914,2699,21188,28580,1310,31868,30541,35066
0,17581,22269,1310,21475,28591,3005,3515,32305
0,44557,37641,2139,43868,47225,1310,45832,3066,4415
0,9343,10228,24499,1310,13644,19314
0,47007,30083,24196,10579,5721,1310,45717,45302,30902,45210,32008
0,1267,17331,1310,6168,36689
0,1348,37517,30169,1310,5707,16204,44335
0,18751,22949,1310,28689,25785,22171,39186,49719,16280
0,48242,20503,811,42453,5707,1310,22269,24437,13807,22466
0,18636,37265,42302,17889,7553,23237,32958,41029,46873,46259,39096
0,269,32534,28537,14029,2548,1310,35912,27428,14329
0,12174,19863,28501,6561,1310,43005,39762
0,37840,8909,44654,36832,1962,17535,20638,22269,33154,29884,12920
0,12409,14201,7417,1310,38163,30815,20075
0,20754,40153,1310,40332
0,2370,30122,34227,45398,7141,1310,35905,22328,16573,7487
0,40529,38843,45511,1499,1310,14793,42291,13272,25639
0,25360,21392,45665,27739,1310,44748,12526,46485,17611
0,8600,42825,1310,4186,44842,4055,21125
0,13940,1310,40943,27828
0,16627,22122,1310,24910
0,23279,24666,24028,3046,7241,1310,28186,26956
0,46429,2554,1310,12084,37895
0,42617,15628,1310,11214,10631,29396,26833
0,35486,27932,48568,1310,46416,26776,15339
0,11793,48884,43917,1310,2554,35265,2319
0,22480,19903,46413,1310,15081,2018,31207,29247
0,15899,37236,29635,1310,43914,36398
0,24117,35702,1310,20110
1,10308,42240,21250,1589,16184,1310,3754,19641
0,12378,45717,1310,46814,28190
0,28828,17407,44961,38957,36591,20385,1310,19871,7256
0,16412,1310,13643,3373,41128,37515
0,41112,22269,1310,33865,19302,30397,21531
0,16457,9777,14495,14642,28631,39182,7025,27932,48568,20631,31059,47397,15989,35231,21099
0,9767,39476,31942,1310,31704,5387,4829
0,44510,38,1310,47623,13742,30701,42805
0,42636,15441,46566,1310,6719,49590,28620
0,46420,6867,43651,38726,32561,20752,1310,38181,42008,15255
0,16028,48621,30787,24427,1310,2906,3215,49838,39182,28631,14642,14495,31915
0,21729,13350,36777,11743,47153,1310,18103,47088
0,41595,23882,1310,44642,8235
0,9706,22399,11548,9088,14667,6238,7453,1310,27137,22255,29024,22256,29395,30860
0,14588,35631,13106,46105,39929,8832,42203,48939,26327,8217,13151,1310,27137,20393,31440
0,9882,16143,1310,24595
0,34501,17498,44351,14730,26655,1310,42137,27376,2422,36943,34920,9571,47192
0,28561,48944,1469,4821,12366,31339,34411,16924,33378,26847
0,47114,14016,1310,23173,38207,20347
0,23374,42166,37815,1310,16780,28671,1676
0,35335,41301,7808,1310,5082,41862,8075,600
0,31175,45962,33266,11280,36119,1310,42439,47490,19726,38219
0,31191,38970,36992,9509,3062,1310,14281,21490,11360,33027
0,37120,30603,48549,1310,16891,33255,9835
0,23337,19757,37428,28401,17220,1310,45766,26164,10694
0,41614,7363,37618,20854,29268,12873,30111,1310,15081,49556
0,11888,1310,18892,49344,49754,48877
0,49170,33803,33640,57,43042,36405,1310,2327,5438,24922,21352,33624,43916
0,47467,1310,17528,9246,1564,32434,6200
0,22926,43158,11091,19750,8683,8673,6188,1310,27170,30145,21079,10094
0,15692,6347,1310,9714,640,30921
0,39858,42116,24767,28276,2554,1310,17460,14134,33385,25575
0,5927,25058,24974,48568,20631,45186,30473,7845,24106
0,31678,25236,25761,42747,5707,1310,6685,30903
0,31813,1310,26814,33635,19963
0,10508,49400,28523,32006,1310,4501,41860,25793,41830
0,29591,17687,1310,16032,19187,15912,45683
0,44745,1310,41589,30239,31633,33414,46790
0,39966,7585,42794,22598,1310,29787,30378
0,32583,44375,40793,25918,34226,30110,12081,28689,1310,5500,7573
0,3141,14016,19764,12649,19304
0,23545,43987,46424,1310,37297,36692,11418
0,10930,41600,2302,6125,1310,40291,42948,10033,12734
0,21512,40321,20630,22835,22663,49423,6492,11098,46356
0,17078,29253,1310,2028,46634,7985,29988,39845,16320
0,2688,47507,6727,43246,18892,1310,23684,19769,28746,9385,34721,7701
0,46124,7132,49667,25084,1310,7661,11846,5496,5394,754
0,49325,48188,22560,6719,1310,35244,15118
0,41136,19231,15964,37675,14016,41561
0,48829,38692,1310,119
0,5601,37364,44221,36927,1310,22269,4971,38297,46567,6325
0,14901,29787,1310,23706,24653,30390
0,27202,28720,15988,19621,14016,22463
0,10959,34803,33750,1310,49977,25567
0,15233,47144,20005,11545,19413,45864
0,39858,42116,24767,28276,2554,1310,49594,45726,40028,42163
0,45948,13119,1310,39460,13264,8369,35700
0,28818,4971,22269,1310,39518,34466,22389
0,29206,6041,15723,1310,30325,46598,30581
0,45862,8348,46319,1310,1547,28791,43616,13031,1068,1232
0,667,5707,1310,26080
0,37443,43752,28046,14016,1310,27470,26336,26705
0,16272,27298,1686,7524,1310,37449
0,387,24770,2028,1310,49989,11550
0,8523,1310,4894
0,20201,45795,1310,41754,1613
0,17385,12390,43420,1310,20631,29815,40423,12167,39928,6577
0,27858,9358,8094,1310,3754,11763,29882
0,23251,38123,39216,29626,35199,16337,1475,41300,37118,23482
0,49370,7015,48196,8824,1310,16412
0,30130,29766,32456,19677,5707,28829,23057,48617
0,33580,44222,1310,13972,40381
0,47389,3754,1310,19309,2645,46746,45886
0,5052,753,1587,30028,1310,13313,30178,47801
0,39825,29626,1310,38246,33330
0,2643,2906,1310,18403,46165,3969,35567,6158
0,12838,48078,46992,1310,13028,31669,1648,20354,35843
0,10244,27877,34959,7948,44918,48747,1310,38792,12656,45003,21434,23182,13195
0,29922,29647,36178,8822,1310,33996,8742,3569,12632
0,29257,31051,1733,1374,1310,48816,44467,22839,9635
0,28058,47864,1310,1909,22906,15830
0,47334,7735,30131,2345,1310,14016,11991
0,39015,13085,41881,12434,1310,23882,41595
0,14266,1310,13806,14051,11144,1235,29549,4248,10463
2,24656,46413,1310,45838,20867,46794,35230
0,7215,20171,6719,1310,48984,43729,46264
0,9276,7384,30747,41678,29777,2254,10126,1310,7524,20562,26656,34820
0,49518,1310,88,45243,31542,8407,36597,35844
0,25177,11769,3969,30949,11193,1310,17951
0,4895,45617,18708,14515,36723
0,48304,44996,45717,1310,41380,7553,49063,10115
0,2439,39058,17378,1310,13039,27913,19072
0,16157,21644,35656,9875,14016,1310,4327,41902,46822,38480,14456,22979
0,47639,22534,30784,1117,39115,1310,14016,31131,10741
0,39249,44686,36942,30149,38692,1310,27137,35935,19983,9788
0,15426,20827,14377,21681,21763,1866,46566,1310,31926,33500,47376,34146
0,8660,24228,22803,31478,17915,847,1007,1310,48549,40255,45724,20360
0,27288,12464,15873,1310,41535,13783,2638,42023
0,36080,45408,48082,1310,37723,13726,34453
0,44588,41881,12434,1310,48549,45150
0,27549,830,49432,11365,35501,22530,44111,33132,49737,14673,42072,20928
0,35156,2689,5187,8193,22269,1310,9138,32478,458
0,36810,16966,2517,1310,7648,12585,41208,13502,42972,18937,33332
0,43920,48188,22560,6719,1310,5707,24165,25764,10001,47830,45940
0,40968,1310,5335
0,3927,38675,39389,43071,1310,49840,46361,10828
0,41961,34034,4001,45714,1310,7661,498,24988,30139
0,19796,4719,11567,4652,1310,45617,4895
0,19785,47386,45026,23316,1310,13719,26845
0,16604,23342,39421,45870,1310,1547,4210,40194
0,34106,1310,17760,19413,31288,29141,28399
0,41033,23631,1310,47153,8812,42064,15202,12544
0,34129,19099,7589,42256,9505,1310,48549,25558,15760
0,20482,31029,49710,14660,10020,25332,32475,40707,1310,35029,28008
0,39148,6238,7453,1310,32837,38731,18421,1444,24649
0,25452,14577,1310,26842,37145,607
0,13041,44549,966,1310,20791,42095,4820,27869,21284,29567,35127
0,12349,24358,29014,1310,6218,19460,736,38160
0,48671,18327,7789,1310,31377,17126,15225
0,1682,19643,1310,6719,19461,27771
0,48361,1310,44487,37295,41433
0,8705,1310,32241,33498,20964,1087,42580,46256
0,49536,20902,7832,30113,1310,5368,481,29578,40046
0,24291,34479,27345,3821,9911,7160,1310,28664,20917,32315,37829,6467
0,3035,14016,28101,39538,33534,33031,13558,13081,38931,22420,35352
0,8859,5725,33649,48555,1310,9552,9567
0,40999,33592,48549,1310,29626,16953,44104
0,15339,26776,46416,1310,33975,14222
0,30061,13191,40363,27739,1310,49048,31041
0,36821,1310,2554,35265,39296
0,5247,11654,40302,1310,43917,1767,13112,8693,44,29662,36412,33139
0,7260,41538,48345,1310,446,16774,44036
0,9489,11746,35141,1310,34195,13166,41777
0,18136,30683,18473,9953,22295,1310,12203,23033,40469
0,36580,35011,1310,4237,2700,45443,34279,2110
0,44674,21987,5840,19380,44068,28172,27723,14281,1310,4501,42285,14933,2800
0,18072,23597,43353,19810,1310,621,40740,42993,13870,44535,5922,16742
0,37541,31461,34760,4636,1310,15969,33050,17489,22649,28001
0,10181,7642,40390,1310,28829,31279,45992,42746,28309,8432,40120
0,12776,11193,1310,14016,19764,12649,19304
0,18295,45025,14016,1310,48568,19364
0,26440,47422,1310,38681,30415,4066
0,4999,20233,42577,8151,25210,1310,36233,46435,1051,24609,26361
0,17118,33341,1310,46954,24164,18835
0,32105,33174,30262,17221,20955,7661,1310,32127,39283,29233,31497
0,33444,8957,32127,1310,17396,4614,38515,21365,25592,8186
0,49352,3025,40243,27689,14016,45434,25908,9388
0,31764,866,23515,5707,16204,36560,36484,20153,9394,8446
0,39288,24632,21886,2763,25558,48549,39216,43615,37057,41814,16478,33514
0,23437,44879,44532,44787,40989,1310,15810,16933,35252,30451,28853
0,24766,19995,42751,23882,1310,14425,20700,40913
0,26953,32656,37543,17687,1310,36109,42866
0,39050,33676,1310,20518,1370,33541
0,45135,23633,43521,39271,1310,13313,22134,26898
0,48223,18427,6816,7160,1310,20631,7914
0,46776,33999,49715,36216,32364,32770,22269,640,3616
0,26736,29508,4121,16383,1310,27137,30760,3479,43658,19322
0,29494,17608,15517,1310,3562
0,13278,19252,14026,34434,45073,40573,1310,9140,12049,2823,49209,4605,42306,39772
0,49148,10661,28829,1310,37486,46505
0,14027,25468,16970,20638,22269,48996,7834,35840,25557,8357,31000,12101
0,7507,5189,28883,39842,1310,9714,640,3616
0,4049,40501,3344,1310,39963,35787,39983
0,48954,88,1310,8422,1570,20995,18860,18123,28560
0,38938,29579,45254,1310,39338,6215,35931
0,10927,8046,30523,17013,11365,22269,640,24680,14480
0,42673,46446,33073,48331,22256,29024,7295,32224,29626,26260,41687,10913,13208
0,41791,16454,11529,1310,40190,46225
0,42217,13754,47864,1310,20458,33020,12753,43410,14603,41061
0,20133,25429,1310,39610,35248,14381
0,3327,14016,34288,25607,9728,31616
0,17074,44918,22159,1310,14508,43995
0,22928,2701,16006,43128,1844,29668,28689,18004,37967,33484
0,17494,37475,44483,14247,44845,1310,31581,21580
0,44630,11051,1310,20631,49004,15576,37501
0,31201,19587,1310,6570,42150,42620,39188,34987
0,1404,47022,347,1310,37491,17102,19640,17887,7285
0,30652,13151,1310,31382,46641,33793,49955
0,31744,10429,10500,41920,1310,24499,30248,11976,23971,45084
0,26061,10325,47864,1310,7160,9892,23890,28959
0,25145,43148,2517,1310,16184,44430,40369,29216
0,30873,20317,1310,43713,24930,42501
0,32483,3993,35008,48026,37090,1310,5233,39533,42262,2712,16081,25204,10575,49578
0,17111,30183,1641,10288,1310,21832,18161,19560,36877,19396
0,30725,4199,45828,1310,988,48269,18520,32909
0,18688,29293,22133,43216,28469,39991,16546,9223,1310,44613,34938,14470
0,33850,6999,1310,2548,433,12846,23722,34229,43577
0,28392,13776,33288,5292,47523,1310,29626,22247,30001
1,36851,16769,20955,7661,1310,3754,39588,36890
0,44131,45923,2901,43842,15017,25644,42439,1310,46413,20693
0,27569,4699,20631,1310,3963,39373,20375
0,35827,2597,1755,10319,22079,20444,9983,1310,41920,10500,10429,31744
0,31361,14512,24548,1310,28829,7741,7212,38880
0,28674,46166,13534,6719,1310,13972,15194,1512
0,49822,25219,44219,27918,1724,16184,1310,27827,1792
0,30985,20631,1310,43881,35623,4446
0,35879,18834,39518,1310,46319,33106,27607
0,14491,36288,46154,18095,1310,35485,28304,43133
0,49605,5839,5579,196,1310,7661,25067,40995,43380
0,9257,1310,23258
0,30081,13972,1310,21504,14274,30368
1,32685,36429,20782,7789,1310,19034,27226
0,32003,1310,38830,25955
0,44332,1310,48549,27911,15622
0,27515,1310,6561,31023,290,7651,12976
0,33045,1310,246,41316,16453,34939,45476,40148
0,18611,3207,46632,246,14016,27689,45131,36918,9002,32619
0,47799,15467,44740,11322,5707,14016,44866
0,5796,34222,32251,2496,49969,13035,1310,6719,26754
0,25795,10243,42747,5707,1310,47864,31367,48038,8699,35094
0,333,17528,1310,48549,39378
0,35869,11204,35670,19302,33865,1310,3754,37057,32217
0,9520,49547,8994,29104,47535,3414,11274,7102,41454,1310,43005,16789,43525
0,12222,18640,20874,22269,1310,11432,39767,10539,13920
0,6868,36996,22570,1310,44222,33580
0,45794,10781,2987,32596,39060,23090,29317,38081,36002,9418,29596,1310,25335,36702,6349,33181,30940,48182,18068,46982
0,36066,36105,1310,20631,36515
0,19791,12003,37090,42801,5707,23753,22457,13419,17992,36020
0,37111,39737,40094,1238,3754,23983,43148,4076,27457,9737,19608
0,31465,25258,40812,1310,45828,4199,17135,44572
0,32962,15766,2160,3932,1310,18222,35758
0,28450,28580,1310,11459,2692
0,838,45033,1310,30169,6477
0,23730,23214,270,11119,33904,23036,1310,19643,8632,22361,15213
0,23761,38324,42490,1310,40341,40944
0,4017,43706,24680,640,9714,1310,35449,45818,36150
0,47843,14659,30365,20791,3651,46197,16835
0,26245,30940,33180,44863,39276,22269,1310,5233,39533,42262,2712,16081,25204,10575,12781
0,8055,42348,44111,11092,1310,45333,40329,8577,29351,36388
0,2568,48129,16917,7808,1310,19621,46113
0,49225,4367,1310,39842,18567
0,35548,22578,29626,1310,36340,48535
0,19531,17504,20699,1310,38367,45055
0,23856,12345,1310,88,17476,11776,16225
0,26371,8576,1310,28661,22065
0,15408,28086,8128,1310,12960,45308,20511
0,18220,36946,36213,1310,20305,23627,38098,33056,48858,48052,45575,44304
0,17874,29458,4327,1310,46875,9600,9055,24576
0,2892,21853,33443,33525,1310,7241,11480,7607,31644
0,45738,5713,3435,12135,7685,10687,4522,1310,20791,29165
0,47872,48604,1310,17798,25358,44057,46610
0,13906,15985,1310,34013,35513,20265,391,16428
0,1856,4713,48682,32459,14016,23515,8219,6468
0,35045,47387,1310,8188,25282,20332
0,9144,40190,1310,4169,32796,49655
0,20,1310,18892,43246,6727,2106
0,40118,25558,18634,1310,12888,30908,15102,11569,25536,18610,30101,38746
0,14384,1310,29626,41206
0,18982,25613,32705,10082,1310,29985,4823,15178,3681,15931
1,1139,23196,1310,7704
0,43906,49639,9660,5337,14905,45508,34411,1310,43222,26410,21227
0,41227,1310,44983,18077,49715,43372
0,13508,49041,8821,49835,1310,11058,8265,27895
0,16883,24210,21766,34411,1310,34894,24396
0,21399,40153,1310,22269,44432
0,8583,44988,7025,28915,24294,14016,19621,193,46831,25653
0,14103,41672,1310,3754,11763,23268,28548
0,48424,31880,24465,1310,43420,5456,22080
0,13100,48691,1310,12293,40443,35576,21551
0,44806,22269,1310,12694,10468,19244,37960
0,25173,41201,29753,14016,34288,25607,49180,48897,31905,43484,35578,20156,30746
0,18439,1310,43713,14472,28016,47043,34675,42858
1,39707,32734,1310,47979,21384
0,44895,2238,7025,28915,8161,1310,21104,39374,3496
0,5297,25141,24351,4460,19319,35074,4501,1310,18892,19977,18484
0,3994,292,13516,1310,2554,38743,19723,29961
0,37461,47285,42356,44111,11092,1310,38181,11592,21834,6595
0,18625,39645,15207,44906,30393,4127,1310,14016,24177
0,19284,40438,19016,24416,30309,9892,14016,27966,16831,32982,15730
0,8975,29701,5443,1310,6570,15392,30428
0,36647,1310,43713,14472,28016,13828,2973
2,13508,49041,8821,49835,1310,45102,41440
0,2061,47748,1310,3754,43743,27416
0,22681,41599,23097,39256,10960,45069,29626,1310,1520,25561,47103,3163
0,44218,25167,5707,23515,866,31764
0,18507,39184,1310,18224,35983
0,6260,21937,1310,16184,44430,40369,29216
0,43004,17371,28751,46211,25290,1310,11092,44111,29147,23839
0,16750,3754,1310,17378,12653,47771
0,8790,48078,46992,1310,22161,38634,46208
0,36017,14016,1310,1374,1733,31051,49617
0,1031,20636,7516,25284,15964,37832,1310,20591,217,26000,7468,1274,14574,12330,45621
0,13815,1310,9366
0,26001,6388,15550,22663,1310,43509,26970
0,39071,4452,16661,26086,37037,49250,1310,43713,14472,28016,24980
0,6415,7834,48996,22269,48425,534,31369,30857
0,22125,30169,1310,48549,30889,32730
0,45808,25943,15049,47104,41015,3646,46801,1310,23036,23057,17123
0,38432,33804,6509,1310,20328,48482,43049
0,26105,35912,1310,29895,34423
0,42721,44651,26935,1310,31382,46641,11683,17334,31782
0,12725,6220,37243,22970,12191,1310,367,39616,40470
0,40783,1310,2554,16692,17818,22919
0,295,46886,3878,11365,1310,18615,31829,37750,11205
0,22138,820,32745,7722,24523,38190,6794,6605,1310,24158,47393,8493
0,38498,9540,1310,48816,44467,6984,35375,19970,19760
0,11255,27935,9359,1310,47797,22530,3212
0,27033,6299,29155,46236,40906,8111,1310,22570,36996,2088,3037,30839,12535,25579,15932
0,5236,31279,28829,1310,36336,37451,47908,178,23353
0,28782,20631,1310,64,45399,48597,33893
0,17980,39423,966,1310,39923,14566,21220,44781,6010
0,48255,17796,15542,48264,47089,35452,1798,1310,1520,28358,7664
0,33565,16098,30687,6360,45617,1310,37486,30698,20425
0,8169,29878,11193,1310,48568,11271,7386,9891
0,4626,1310,45254,30391
0,1371,42990,47224,44016,22269,1310,5707,26866
0,21176,1173,29137,35642,18583,24057,4151,30210,47495,19903,46413,1310,2554,14400
0,20687,14016,6345,20781,27793,47482,192,3240
0,674,8281,22274,1310,38578,33241,31591,27577,7766,6167
0,35574,10607,24218,19824,1310,22027,23612
0,20360,45724,40255,48549,1310,28218,7846,36186
0,33380,24173,46054,21820,322,18043,28689,1310,29626,24540,25058,12033,923
0,22956,1310,8822,36178,41913
0,25493,9251,7160,1310,45617,5679
0,30114,2340,41720,48404,48549,1310,1722,9208
0,24567,44200,45457,14761,1310,4169,34713,20976,29900
0,49025,42465,28572,13459,25290,1310,12318,46207
0,49901,7803,1310,22949,18943,45468,37314,425
0,20137,5631,47385,41933,14016,10898,42122,29508,4284,34271,20229,27347,45114
0,12559,30169,1310,29685
0,15779,11659,1310,43096
0,7239,37256,41677,2257,1310,10556,31108
0,24273,17284,27845,36656,1310,20631,29815,42653,18741
0,45693,24196,10579,5721,1310,6188,30340,26155,5051,13372
0,20114,17442,42313,1310,2554,46079
0,7207,37989,19824,1310,42707,44778,36898,48781
0,20604,42778,39774,45838,1310,890,31642
0,18391,394,17702,32017,5707,1310,39518,18834,45460,45482,30631,21103,27692
0,31360,46964,19621,28277,30698,23956
0,1493,8128,1310,29626,32426
0,15067,32110,17630,41672,1310,43005,3477
0,6995,47575,12766,1310,22467,13723
0,9913,19773,38550,43161,1310,3754,37057,43996,4992,42034,145
0,22687,33225,7237,23195,7959,47018,22949,1310,29787,16831,32982,14003
0,31641,33794,37484,34760,4636,1310,15828,42939,1824,115,24372,33355,683
0,23207,23592,10554,1310,38,34335
0,47147,20061,260,15555,35244,1310,40812,25258,45533
0,39487,1310,2545
0,38017,24013,1310,15672,43901,12512,9930,33965
0,25368,428,40334,1310,6719,22560,48188,49325
0,11187,20221,7202,47412,41243,30124,3310,4689,1310,32676,14856,25537,11930,17297
0,31662,34477,21954,39087,27,22211,1310,39518,13217,42966,24030,35648
0,5881,46348,5740,1310,446,10313,29134
1,47639,22534,30784,1117,39115,1310,38246,41501,39931,41533,24517
0,34382,982,8118,42521,5707,34359
3,6995,47575,12766,1310,7350
0,17543,13362,17867,367,1310,15211,29867,11463
0,4913,43749,10788,37486,1310,31845
0,16560,15555,35244,1310,23882,42751,19995,24766
0,16723,1310,22840,3143
0,7034,11223,34332,43704,35459,12507,1310,15046,44576
0,16099,47777,26918,12960,1310,43094,33756
0,31612,3941,39134,5068,1310,40102
0,1717,6365,47864,1310,39463,23634,35330
0,36102,15989,753,1587,30028,1310,18595,9129,46049
0,10922,30091,30169,1310,5335
0,17860,26476,32365,19302,33865,1310,28467,37366
0,31470,30760,27137,1310,41006,21072,42022
0,12070,3737,17346,23036,1310,38024,3292,45442
0,1511,25351,35826,1310,29328,22426
0,47519,36059,948,1310,14151,39514
0,19827,37694,49818,14016,1310,48691,6446
0,44082,49989,1310,33227
0,34087,6487,10311,3275,1310,9505,42256,37190,26813
0,41283,42439,1310,1798,8605,19385,15427
0,8333,1132,49038,1108,1310,2554,33634,13747,23084,26590,26098,7801
0,26635,12094,45644,36538,18179,36108,27749,2459,32755,22491,10848,1310,39463,39438,34186,26661
0,47733,49254,35505,1310,14016,19764,12649,18656
0,40160,9304,38131,1310,23518
0,45422,1310,17422,12314,18055
0,7315,16519,25337,1310,15513
0,10332,24581,45293,42008,38181,1310,21230,11797
0,9388,25908,6238,7453,1310,22507
0,4417,1310,14016,34288,25607,49116,32551
0,851,33614,1311,966,1310,13268
0,48128,12549,49082,17216,12785,39236,19621,29867,40024
0,5570,20631,1310,36714,8101
0,13042,41129,35445,19621,1310,14425,24852,31965
0,330,7518,8188,1310,1909,39692,21720,12616,28317
0,46948,39087,27,22211,1310,31811,31020,41972
0,28337,17576,14016,27689,40243,44321,49439,47970,10737,15694,17553,2079,5916,11525,27787,17210
0,45461,1310,33474,45880,49692,31270,10027
0,17100,34014,43200,31447,43293,22840,1310,48549,47595
0,4776,5983,5368,1310,15506,5722,1157
0,37371,20986,42670,40696,1310,31584,8696,20125,3936,741,42100
0,28038,27420,40290,47803,2817,1310,33768,25788
0,9992,21112,24066,47281,17217,25009,1004,32816,1310,3754,9380,15581
0,12306,10920,2302,6125,1310,16184,1724,32119
0,43925,31754,44016,22269,1310,26842,16875
0,8342,19770,36700,1310,27997,26633,10172
0,24875,41966,40438,19016,24416,30309,9892,14016,38249,31189,18038,29667,25154,16932,39169,25126
0,16855,3252,35712,21568,36488,1310,21418,14756,24643,35061,24978
0,42510,26185,42701,22643,1310,46424,22104,17657
0,39407,5544,44778,42707,1310,30983,6993,19292,45100
0,38006,46567,38297,33634,2554,1310,15723,1188,8733,11907
0,40062,6203,13506,28883,39842,1310,13431
0,33961,13617,11004,13115,634,46241,1310,14281,27723,29465,27848,29038
0,46364,27430,16304,11051,1310,41656
0,3320,28225,19779,31788,1310,15810,6409,35608
0,25457,1310,14016,18799
0,24675,7524,1310,64,45399,48597,34247
0,35598,30111,1310,30573,24857
0,27225,1238,3754,1310,6509,27635
0,7026,22161,1310,7661,7233
0,40518,48359,13887,1310,23103,26139
0,22753,1381,21036,12118,32100,13696,39518,1310,30111,29856,7519,33979
0,40262,22069,1310,43298,16391,17391
0,15187,5351,4213,38765,48227,3101,1310,4649,6926,18758
0,715,1310,3754,37057,9856
0,30266,13250,18892,1310,2971,49334
0,28782,20631,1310,1499,16390,39047,14221
0,5280,27947,30781,48549,1310,5905,26340,38289
0,20416,48963,1310,23316,4562,41882,45877,9829
0,9193,16658,1310,19824,13172,43808,22984
0,23327,9349,35008,48026,37090,1310,12196,46530
0,33852,34340,3754,1310,31926,33863
0,6857,16207,17705,11995,7834,5707,1310,1455,16343,27882
0,39430,14714,22069,1310,40302,26301
0,19620,21044,14016,1310,49835,8821,34819
0,3968,5068,1310,37090,48026,39633,47826
0,20800,40031,13717,20631,1310,48549,39472,32174,32075,14396,3834,15856
0,49518,1310,28186,26956
0,10211,18500,14658,45717,1310,39630,46061
0,26368,5916,2079,17553,15694,10737,47970,49439,44321,40243,38181,1310,44116,8303
0,7408,2487,34011,9967,34115,1310,5707,23515,15431
1,42510,26185,42701,22643,1310,34562,15839,25759,22660
0,48918,27116,5198,7524,1310,35912,27428,14329
0,42977,21613,33926,1547,1310,27137,30760,31470
0,20456,9011,1310,37723,25002,16165,47982
0,30894,2183,5707,42521,8118,15390,17842
0,19048,19106,3101,1310,42707,44778,36898,10601
0,3,23473,40153,1310,29176,40002,45605,28227
0,45540,24691,17502,14534,5427,1310,6719,30205,32555
0,1611,15387,48219,88,1310,9983,20444,23485,23689
0,35330,23634,39463,1310,46744,6653,33744
0,27610,10351,46804,7789,1310,24499,32666,20573
0,32924,21189,1310,16184,44430,8465,43363,11594,3577
0,22304,7977,8847,11051,1310,23173,19261,1165
0,39778,31316,19360,1310,19621,14984
0,4278,43309,12507,1310,27719,7802,2265,15887
0,33107,38825,30606,2554,1310,29999,12119
0,26762,45880,33474,1310,14016,2458,20628
0,34202,19643,1310,5233,39533,42262,2712,16081,25204,10575,12781
0,39378,48549,1310,17378,26680
0,24182,17387,21991,1310,6719,20171,46849,46937,45272
0,16981,16462,3754,1310,29510
0,25603,5510,3754,1310,48568,5362,34543,2128,13009
0,13462,16987,27137,1310,20910,34558,32983
0,4129,13323,29573,1310,6025,18874,38904
0,19029,28943,31869,34547,28856,30698,37486,1310,13073,24530,2078
0,6267,23882,1310,46082
0,32680,44838,16096,9041,1310,19677,30434
0,36040,32070,7401,39026,6454,40438,19016,24416,23829,19934,6133,1310,16980,42944
0,28223,28016,14472,43713,1310,22320
0,21651,9813,1310,31261,31260,7421
0,18803,37669,1849,19156,1310,28689,25785,22171,39186,49719,21534,19078
1,7352,1310,7661,30710,6150,41220,46434
0,23061,35011,1310,48568,20141,19937,41846
0,17875,1214,26142,30598,1310,6534,14854,24095,18872
0,41308,36251,39460,1310,19621,4914,32574,6579,32208
0,11505,48345,1310,3754,16462,4425,45927
0,8714,3437,48715,1310,47707,23610
0,20573,32666,24499,1310,10050,49909
0,45470,11394,43793,49523,14016,1310,28194,9715,20495,35271,30945,23511,18388,16819
0,48967,45818,35449,1310,45717,45302,7724,40948
0,10772,13440,20791,1310,5706,23976,44927,39477,6611
0,5596,1230,46265,235,1310,44982,11179,19693
0,15048,30578,37346,7803,1310,354,47274,1624,34132,4553,12438,5220,16907
0,38364,18892,29626,22247,25558,42730,43847,26719
0,39245,18038,31189,38249,14016,23821,12662,39204,2954
0,10416,40367,45617,1310,49221
0,7801,26098,26590,23084,31633,17903,39236,1310,25084,44292,48168
0,33665,1310,1324,34749,29030,26804,12687,4557,3584
0,918,44851,28357,16212,11909,1310,45033,8742,6880
0,2093,8892,43033,1310,6561,28501,19794
1,7514,33898,1310,39518,34466,44936,10328,37282,46577,33913
0,21637,29126,7899,2608,30429,6006,14016,1310,30931,44759,27256
0,41517,28046,14016,1310,7661,20483,1880,10769
0,16902,33477,15334,35133,14016,1310,46494
0,38988,6582,44985,1310,38719,26394
0,39875,9261,30399,44487,1310,4032
0,49410,6977,1310,25757,8071,4140,47934
0,29655,17345,10047,46386,603,37679,9260,32802,1310,21475,20630,13888,19990,19486,25164
1,34157,45203,20172,18313,1310,12507,11568,24237
0,21346,15814,21085,12009,1310,2906,22508,28185
0,28614,9012,48598,1310,2661,13990,31594
0,36351,22069,1310,18010,4560
0,17706,43826,39115,1310,37274,3321,8251,21194,18003,21358,1035,44818
0,6814,38771,17419,10225,29885,1310,20791,15353,11604
0,5319,1310,26204,24457,6195,33699,186,21379,14325,7424
0,27924,42565,1310,20752,42436,19403
0,29420,33731,17619,25638,1310,39600,26857
0,10983,42919,29204,1310,6254,19897
0,6179,45874,25777,1310,31383,12822,32629
0,49863,8128,1310,30169,144,37585
0,6022,32108,37186,1310,14281,27723,29465,20119,11707
0,23595,43881,1310,26029,24561,11527,28676
0,6010,44781,21220,14566,39923,1310,8372,12855,4140,47934
0,17703,11092,1310,40153,41366,19713,15867,11443
0,46973,22805,17773,41394,292,14016,37091,42047
0,16452,14859,42115,9967,34115,1310,47422,12505,15743
0,10796,27552,27275,1310,48549,13178,32220,41865,30485
0,34997,24028,3046,7241,1310,5707,41811,48387,39750
0,48540,21475,1310,23896,17132
0,21197,32204,7720,7661,1310,38181,42008,17140,5978,36173
0,27291,10224,29680,511,25151,1310,22949,44783,33538,43147,15011,33339,30147
0,24231,37717,13482,1310,15469,8864,42655,22987,36855
0,47561,37024,45345,1310,14016,34606,24767,42116,39858
0,6923,9098,39307,30028,1310,30111,12873,13651
0,30850,7295,18768,1310,46413,38421,33057
0,34170,27262,34980,7661,1310,27657,48685,17927
0,9393,6088,24362,13501,14016,1310,7661,6340,11253
0,46874,30028,1310,23036,23003,7194,28808,28723,27150,9613
0,17873,16643,26293,14016,25611,1163,20268
2,16352,13514,21700,20631,1310,38181,21040,22806,35222,49779
0,39809,16137,49126,18800,1310,33747,15981,41506,17492,1786,9633,42094,245
0,39056,33587,41002,1526,9426,1310,41754,46627
0,29078,24669,1310,14822,38260,14953
0,7014,13031,1417,20756,8146,1310,9041,14500,21256
0,13654,9002,36918,22530,44111,19621,19358,11104,43163,29020
0,18864,13164,21201,42784,1310,40671,21100,18673,46467,31386
0,4453,39080,22767,28619,22269,1310,44983,37550
0,11788,17127,45333,1310,7524,20642
0,14469,15650,49283,33918,28306,31379,1310,49367,35412,34360,3270
0,36370,26827,1310,367,39616,26846,19628,21737
0,5657,43881,1310,22269,4971,24746,43620
0,40289,35011,1310,19621,26799
0,13536,32988,1310,14016,34288,46180
0,34487,15390,2327,1310,7493,19944,13639,35137,7039
0,8153,19238,40026,1310,48612,44990,17200,10254,11028,17448
0,1509,16579,3973,3656,1310,28908,30318,11729,48047
0,44454,5128,28476,29819,36216,13905,1310,46740,43042,27599,25187,49988,18605,8791
0,4318,17252,8767,16921,1310,17378,12309,16614,20682,26664
1,33430,29337,40860,20851,5115,48549,30781,16343,27882
1,49901,7803,1310,45870,39421,24512,44727,1738
0,18504,41754,1310,37090,2242,28315
0,6870,22430,47864,26986,12515,47868,8097
0,7233,7661,1310,23983,47273
0,36904,44413,11131,1310,6733,29310
1,30382,27347,20229,34271,4284,39567,15759,1310,7163,1040,27748,28457,10750
0,10209,21877,18033,9079,48082,1310,49173
0,13353,7202,47412,41243,30124,3310,4689,1310,29910,1097
0,32390,31511,46925,30187,3213,1310,34411,31339,17389
0,30168,20476,41301,7808,1310,5368,14910,19160
0,17980,39423,966,1310,2661,45819,36304
0,2214,18496,13832,1310,38663,26788,28294,34223
0,5523,33009,9777,14495,14642,28631,39182,7025,28915,8161,1310,29626,45069,10960,39256,65
0,25401,42001,25558,18634,1310,24160
0,32678,4732,18132,22069,36105,27297
0,33431,48728,29626,1310,3052,22544,32175,32451
0,45957,16343,30781,48549,14172,32610,34438
0,47195,35692,9325,1310,18892,19977,18484
0,28155,14738,7322,37099,32590,1310,22269,4971,9612
3,7034,11223,34332,43704,35459,12507,1310,42439,47490,7289,16485,18223,41598
0,11633,30320,1310,28110
0,25637,27631,23523,5561,1310,19309,16329
0,27226,19034,1310,6614,25389,41142,8413
0,21528,34368,40733,15677,40693,5427,1310,19034,12200
0,21756,525,22691,1310,15081,2018,31207,29247
0,21693,20111,14124,23045,1310,3467,39287,6967
0,46084,10774,13972,1310,33294,42837,5033
0,24011,28940,35655,6908,19621,1310,6353,10359
0,36848,32374,41195,4237,1310,45673,19301,22472
0,42085,15467,44740,11322,5707,14016,25611,1163,20268
0,12277,43284,4206,48986,20984,46717,1310,9983,20444,22079,10319,39057,14519,19947
0,8021,12631,14074,45491,43615,36484,36560,21475,43678
0,46091,5707,1310,4985,23693,26381
0,28896,16937,14607,23976,5706,1310,17798,25358,44057,10294,30039
0,41941,40912,1866,48549,39216,29626,29704,37803
0,29623,1310,40302,40009,39581,35300
0,30749,48032,16966,2517,1310,1108,28101,25543,14322
0,30003,48599,43087,1310,7160,16321,38283,8109
0,16126,1310,31991,36677
0,30363,28578,33588,32796,4169,1310,31788,19779,28225,3320
0,41973,26876,35912,1310,19677,14750,26792
0,21195,46938,7834,5707,1310,11529,16454,839,46342,22374
0,29922,29647,36178,8822,1310,14016,34288,25607,46011,14037
0,7451,1310,10644,36058,3829,26311
1,24154,1310,22295,9953,1122
0,2947,34361,4501,41860,25793,36604
0,44523,22530,6101,1310,38941,24389
0,44581,42505,11568,12507,1310,12293,40443,35576,24938,48428,9847
0,14769,18313,1310,37789
0,40922,30426,3754,37057,26752,38272,30359,38694,49918
0,2568,48129,16917,7808,1310,17396,4614,40823,45410
0,38878,27275,1310,21885,37981,43527,19389,6242,34183
0,13838,7148,39222,1310,21476
0,12233,20356,1310,5707,43582
0,42083,30274,6603,18019,31673,46158,14016,5707,35621,1849,37669,30194,987
0,27623,1310,4636,1894
0,32631,20631,1310,12084,38174
0,48619,11131,1310,7186,29235,3650,29718
0,27431,22161,1310,36336,2420,7532,42840,1748,5446,6527,32349
0,3465,33363,10173,5707,7834,13726,15227,29074
0,24912,18291,1652,8128,14016,20386,39119,49527,26910,10998,16424
0,33824,1310,43881,48832
1,43339,1838,30753,16780,1310,5707,19552
0,19271,1806,7661,1310,11131,27127,16887
0,36398,43914,1310,39271,43521,23633,37320
0,49217,2509,3815,27294,13090,1310,6813,39847,12351,932
0,4704,36606,28348,42921,1310,49904,40192,29018,26146
0,16303,1310,19621,16903,40412
0,25520,43697,1310,15312
0,41986,21418,1310,24427,30787,48621,16028
0,19569,5448,12480,42003,725,47188,45494,23983,1310,19621,2936,16241
0,4774,39538,28101,1108,1310,39600,26857
0,29011,5564,34749,1324,1310,39154,32639
0,43825,39421,49063,7553,7834,19286
0,33672,8068,1310,36109,9919,17300
0,22019,28925,1310,10289,24786
0,26162,37090,1310,2554,12853,7164,16806,49446
0,30456,27848,29465,27723,14281,1310,44170,4187,40413
0,22145,14016,1310,46744,6653,38820,545
0,13009,2128,34543,5362,48568,1310,11051,5199,5528
0,25031,4525,1310,29626,8026
0,37534,4428,26336,27470,1310,41754,24734,29841
0,36124,26717,7454,1310,4501,41860,25793,33204
0,10470,10447,2007,22227,10778,1310,39115,15305,16644
0,6468,8219,23515,14016,1310,5721,49857
0,41385,40936,1310,23990,4593
0,35561,4184,42093,44618,42937,1310,39518,3157,15852
0,1618,2746,11075,38312,2201,43881,1310,46249,48751,11277
0,14718,15074,7661,1310,21475,20630,40321,21512
0,29663,5664,41389,1310,33453,30554,23805,26537
0,33673,48052,48858,33056,38098,8043,9118,1310,26241,12116,42402,15491,2437,2298,40610,45484
0,49472,1310,6536,30223,15897
0,47096,36475,26439,8313,1310,2257,41677,37256,46234
0,11667,8487,1310,35934,30537,48733,27694,12347,44554
0,19339,48335,36213,1310,934,12642
0,34201,45520,45264,1310,14508,22532,42019,41619,28902,9072,30994
0,36660,2906,1310,11131,28133
0,42602,39733,14743,12886,23060,34664,1310,38681,28900,45749
0,17391,16391,43298,1310,14822,45280,2350,45314,3745
0,20432,12753,33020,20458,1310,24492
0,16536,19472,13653,5133,1310,41793
0,41633,2278,40473,7661,1310,1108,48187,24704,21310,36142,41065
0,18394,31184,1310,11131,24974,37196,3617,23044,6679
0,7176,29844,48549,1310,47736,16839,32244,46445
0,28408,33814,31999,5139,3988,1310,39198,37145,30156
0,26038,23036,1310,23882,46231
0,36594,18067,1310,38,48193
0,31728,35320,4522,1310,49135,27123,25156,46715
0,28138,1079,40570,42394,1310,15828,42939,1824,115,382
0,49854,5788,13048,1310,43881,15903
0,4564,27691,17760,1310,354,47391,38375,23604
0,39858,42116,24767,28276,2554,1310,34251,45299,23551
0,2964,44724,10894,33646,8146,1310,14357,48698
0,34203,30458,14016,31783
0,16923,27676,43353,19810,1310,25777,45874,6179
0,4124,47242,38830,1310,6536,770
0,6054,47672,27333,49838,3215,2906,1310,34503,49538,36921,42530
0,17215,9140,1310,39781,16082
0,8086,5829,48130,1310,2493,48654,35100,19391,31988
0,20714,14127,15180,30955,1310,3467,39287,27823,46998,25014
0,32616,1310,37832,11283,33918,26518
0,35842,37256,41677,2257,1310,47462,2358,25895
0,45115,31952,48699,24965,17579,19155,1310,45714,7858
0,30039,10294,44057,25358,17798,1310,5068,39134,3941,20680
1,46936,10228,43087,1310,48715,11714,33309,23398,36636
0,24187,1310,44500,40630,5225,18034,23322
0,8273,41912,14730,26655,1310,36105,5686,44464,19045,26193,7668,48890
0,14173,26400,10554,1310,4652,11567,4719,18234
0,20999,32137,9380,3754,1310,3656,48241,37396
0,30475,42356,44111,11092,1310,36483,27066
0,40569,17059,43119,11189,1310,28991,14571,35096,41311,1636,2815
0,36262,16304,11051,1310,2457,35821,47402,39121,28587,25455,10095,44076,33005
2,29078,24669,1310,3754,7813,1059,30366,24336
0,18784,8613,28991,1310,28689,11556,11063,23295
0,28623,48568,1310,3076,37513,23369
0,26559,28722,44983,1310,1085
0,28109,19148,1310,3754,11763,23268,28548
0,41925,7661,1310,3101,48227,25469,37768,39694,42332
0,2403,17364,1310,21475,43729,19519
0,25825,30629,29867,15211,1310,20791,15473,43969,46989,49701
0,23611,5639,3754,1208,48549,32401
0,39685,29548,4210,1547,1310,46239,46823,22908,12504
0,32099,32561,20752,1310,48462,6387
0,329,31002,27091,7063,1310,22069,41687,24403,47121,31123,28009,28066
0,9280,21969,30522,45617,1310,25869,8688,8918
0,8917,37153,42567,19621,6908,46999,36901
0,34906,37139,37712,6188,1310,7524,1686,40392
0,41843,5541,1310,44500,40630,5225,36616
0,38014,40484,37337,2517,1310,43580
0,45767,11012,12859,27619,14425,1310,41952
0,41608,1310,14016,17596,22637
0,46456,24379,15746,7912,45131,12960,1310,15870,9328,18699,22194
0,35081,31264,1208,48549,5368,19231,32456,37062,23272,44397,9906,7253,3886,31970,28059,18643,10798
1,37514,8572,1310,1768,15122,20368,11657
0,36265,5263,23990,1310,38114,34988,5843,12019,41256,11606,38369
0,42280,25462,19148,1310,246,13447
0,9090,45264,1310,11131,34403,49973,23746
0,6448,34927,8183,13217,39518,1310,23036,23057,13044
0,39969,19324,46451,49128,40505,48081,42361,30959,44961,38957,36591,20385,1310,4525,43035,41621
0,5866,18033,9079,48082,1310,47108,32553
0,48020,19568,44467,48816,1310,22949,28819,27251
0,8740,22144,45003,12656,38792,1310,22570,45251,14102,20828
0,3311,28375,7563,32419,1127,1310,1584,27320,29667,18038,5899,26404,10612,31255
0,34536,9234,1109,32350,1310,14229,22126,3319,28262,4637
0,46622,1310,46319,19681
1,21105,33946,9177,22058,44642,1310,45617,40367,10416
0,41406,1310,43420,33625
0,2773,31760,11365,20631,44642,22058,9177,33946,12513,43034
0,19367,41272,8308,32652,45202,1310,35834,26545,888,14977
0,40194,4210,1547,1310,36699,35462,11876,49748
0,20619,30445,1310,48816,2784,17815,35284
0,28948,1310,6188,30340,26155,5051,13372
0,3496,39374,21104,1310,34195,21172,7927,3463,1335,46395
0,7884,41371,1310,11092,44111,15465,49841,20767
0,1352,10727,46413,1310,45617,49393,30549
0,19257,2612,849,48953,19356,1310,7063,27091,37844
0,15623,41196,1310,48816,6020,45572,16793
0,44954,157,22269,1310,14016,40945,39785,47159,44122
0,24779,6188,1310,1979
1,14431,47617,14425,1310,36213,42147,44584
0,49581,3936,20125,8696,31584,1310,2906,2643
0,7174,34897,2582,49566,22290,1310,1384,27050
0,8365,47562,1844,1310,7789,48844,11553,14829,18612,190
0,770,6536,1310,5707,19552
0,26377,26620,14809,47638,39426,1310,4522,10687,1261
0,44312,43338,1151,46129,15231,1310,5707,23753,22457,30880
0,30176,39463,2554,47906,1309,15192
0,17474,1310,45617,48940
0,26237,2117,1310,21696,31601,9527,44214
0,19760,19970,35375,6984,44467,48816,1310,35613,29892,12141,14261
0,18365,22832,6101,1310,48549,32123,39005
0,11863,43188,33927,20143,1310,45264,42629,4617
0,23470,32940,45408,48082,1310,41290,30237,47774,14686
0,39434,16171,11350,43948,5707,7834,34411,31339,113,3654
0,31256,42696,27973,45717,1310,23036,23003,23148
0,44478,37770,13395,22269,1310,16184,44430,40369,49846
0,41046,2327,1310,45717,43742,46529
0,28974,20142,2554,1310,48598,49553,29000,45463
0,1447,3932,1310,28151
0,48840,28802,15069,40532,1310,48549,33592,40999
0,48904,37491,1310,30111,11540,37640
0,19331,3102,5181,9896,43938,37029,46430,1310,13313,8803,626,38428
1,12277,43284,4206,48986,20984,46717,1310,3178,747,36934
0,29135,5063,1310,43087,48599,30003
0,14093,37090,1310,36714,32632,30335,12546
0,623,13879,48923,11903,38390,32456,28760,1310,41613,6599
0,21727,12432,17150,41253,13307,29458,4327,1310,23103,30225,8753,42198
0,10996,36438,1310,36617,7810,5587
0,18289,29613,19155,1310,43161,38550,19773,9913
0,11564,26515,7010,1310,23045,43194,2293,14542
2,21018,1310,14016,20687
1,41333,1310,28700,48732
0,17844,32906,37025,19720,10378,9055,23515,14016,246,419
2,33465,7070,16456,1310,4237,25186,23999
0,27230,3192,13887,1310,25390,33097,42027
0,6843,18375,13644,1310,47864,6365,4778,38391,5381
0,1701,19399,9037,34220,1310,9011,22542
0,22674,17666,14254,17318,4538,1310,44891,43895,19036,43531
0,23292,48768,28829,1310,22559,44925,33736
0,49278,40991,45134,26279,40936,1310,16184,21862
0,20242,10804,43182,1310,11214,10631,26195
0,28434,29854,41754,1310,5707,1552,41832
0,45546,1310,36213,28040,7693,42410
0,36848,32374,41195,4237,1310,5561,27651,26875,48916
0,49939,5862,4390,1310,28411,9405,4061
0,40835,28194,1310,14016,27229,28858
0,41766,42161,2327,1310,32740,10517,10611,43050,21397
0,31269,3754,1310,25078,44135,33352,4601,9058
0,26195,10631,11214,1310,42565,33652,6205,18465,33924
0,31914,1310,35934,30537,27711,24463,29189
0,36549,3929,1310,14016,8886,2625,35171
0,19297,22530,6101,1310,28908,30318,11729,8912
0,36975,12293,1310,6570,42150,42620,39188,34987
0,19226,41419,21701,7236,43881,1310,14155,49113,36,14993
0,30925,47862,46945,45444,14016,1310,39431
0,38996,1310,41260,3424,13960
0,23841,35373,13754,47864,1310,6570,15392,35487
0,960,13995,1310,38830,47242,45167,4935,35776,7503
0,18689,1310,43914,4673,45145
1,19308,17867,367,1310,3559,16749,14032,37406,17201,26684,32654
0,15585,1310,7804,45228
0,48146,8128,1310,48568,35897
0,10700,20631,1310,48903,46695,3899,21494,14558,24925,33922,23252
0,13718,15845,37712,6188,1310,2554,16934,16502
0,3742,33255,16891,1310,24644,4665,37485,19060,29295
0,25064,26387,6996,48816,1310,36714,11281,44275,36928,9898
0,49164,23896,1310,14281,11975,16510
0,27615,39101,14986,20883,1310,1108,35442,47143,17510,11959,10604
0,22824,19474,246,1310,43298,16391,49519
0,13098,29458,4327,1310,7808,16917,29081,37072
0,26652,35826,1310,15810,33500,47390,49546,43123
1,19367,41272,8308,32652,45202,1310,15929,49700,36501,17841,8015,46791
0,10137,11499,14016,1310,3076,37513,27656,11688,47806
0,20214,37978,39589,31992,30773,1310,29408,3564,1887,20178,18253
0,21716,48227,3101,1310,48549,1866,12175,11024,20552
0,24289,19343,775,7551,1310,6188,33740,48371,4232,38582,16482
0,26259,19779,31788,1310,3754,9512,16335,46048,48135
0,7502,37438,1310,9813,30342,45851
0,7031,43128,1844,1310,48549,5415,3969,35729
0,22456,1724,16184,1310,38666,36103
0,14565,48130,1310,14016,45025,18295
0,22601,19849,3932,1310,1520,28358,37220,34432,46809,1925
0,4077,32796,4169,1310,35834,49207
0,31654,36669,38246,1310,14016,40945,39785,6819
0,26768,40705,13478,20171,6719,1310,34195,47746,42725
0,25226,30959,44961,19538,21439,9424,12886,35071,22024,49297
0,30524,40026,1310,31161,26167
0,42433,17280,29985,1310,28832,48508
0,11626,3665,13048,1310,45345,33369
0,32955,13031,1417,20756,8146,1310,246,19474,3094,30490,3388
0,18025,2059,38731,32837,1310,43881,23595
0,11410,42046,21536,44471,1310,4662
0,5606,1310,446,26740,22327,44009
0,29818,39058,17378,1310,680,8106,9798
0,41581,22269,1310,45374
0,22930,2456,26966,16343,1455,1310,41380,31412,49715,40138
1,36265,5263,23990,1310,22949,28819,27251
0,30354,1310,14425,45047,43215,45996
1,37759,19227,19670,44759,2467,1310,8068,33672
0,35075,1310,14016,992,16116,227,15883
0,15597,27275,1310,8734,20730,44361,45602
0,27890,20072,17701,40719,48903,1310,9011,13126,29336,48756,40921
0,25745,25785,28689,1310,39630,3506
0,17803,6011,8445,46950,9325,1310,38437,8516,33700
0,17314,14139,37513,3076,1310,48984,35923,32572
0,45053,23420,24956,32737,33810,49333,13004,1310,44748,15110,33534,3116
0,34316,29628,49688,30715,37409,14006,18440,1310,42707,44778,21676
0,5363,44757,19165,4296,3958,1310,39012,19276,13478,40705,26768
0,46777,5172,46620,10442,15569,41196,1310,8854,4628
0,21385,144,30169,1310,8674,26695
0,47300,17905,1310,23444,11951,6756,24081
0,19403,42436,20752,1310,44222,17262
0,46438,1499,1310,11193,29878,8169
0,6781,42110,31264,30532,41754,1310,24644,5999,27606
0,38229,44890,1310,23216,5042
0,31570,42808,31708,34908,32988,1310,3656,22045
1,28299,1866,48549,25558,7295,32224,182,30303,35120,41341
0,43581,23352,20439,42825,1310,6561,28501,19863,49245,19622,2787,37093,48803
1,4904,33488,1310,38855,22719,23136,11354,11049,22708
1,41227,1310,1547,24946
0,10496,15846,15534,1310,47864,28058
0,43617,25448,22949,1310,15231,46129,23051,2762
0,20430,1310,31584,8696,20125,3936,741,13404,8293
0,48262,30864,21366,27300,7853,45195,1310,38181,40243,28842,16008
0,23128,30240,23882,1310,31788,818,36909
0,38710,45391,14916,42547,33344,8188,1310,14281,44828,41783,19457
1,19297,22530,6101,1310,13052,6059
0,27493,16044,2183,5707,1310,45713
0,34381,19390,26975,25390,1310,7241,3046,24028,24666,10183,8048,30988
0,39473,4355,36070,14016,5707,25983,11383
1,7801,26098,26590,23084,31633,17903,39236,1310,48675
0,20906,48714,9988,28332,31383,1310,3512,8870,1811
0,30893,14016,1310,38407,13466
0,5433,23816,45745,31907,21735,17760,1310,2781
0,20325,42312,1310,29626,24540,25058,42246
0,6927,19560,18161,21832,1310,4649,42830,10674
0,33426,2672,32946,24548,1310,38181,40243,49220,13141,16147,7795
0,16716,49284,1310,15001,45997,10884,16102,32153,6705,32042
0,30644,14023,6399,45264,1310,26646
0,12187,27406,37861,31581,1310,49135,27123,25156,39067,23723
0,38978,13995,1310,1108,19362,38102,42956
0,29597,34434,27127,11131,1310,21418,26417
0,47695,48610,20631,1310,39649
0,47673,27229,14016,38759,47918
0,10604,11959,17510,47143,35442,1108,1310,23882,20577,35012,36519
0,6998,1596,33611,6007,41987,1310,35912,40214,16646
0,7248,36753,16807,3932,7789,1311,37513,9867
1,28434,29854,41754,1310,21488
0,35980,21982,1310,19427,586,22672
0,22942,23523,5561,1310,39115,29959,26420,2697,44667,24277
0,11078,5707,1310,42374,35719
0,49702,4245,1310,45264,21297
0,33615,1213,14425,1310,36105,36845,15679,44270,38379,25079,6369,41949,45638
0,37113,22894,32626,1310,21690
0,14717,44743,27605,10533,9902,40185,4522,1310,37297,36692,11418
0,3623,15849,19824,1310,20263,8555
0,26172,21482,33768,1310,25390,26975,12307,7372,28019
0,49672,14508,1310,3754,10192
0,38512,7020,38843,39216,48549,5415,28016,13828,2973
0,7943,36484,43615,19621,14016,292,41394,17721,3408
0,27590,45130,35442,1108,1310,33757,16671,38997,48564
0,49125,44369,35969,1310,10829,5918
0,19487,25009,1004,32816,1310,30714,15276,40361
1,5260,45395,48482,20328,1310,47864,35326,32229
0,4759,22234,32303,25437,39104,15810,1310,40390,7642,10181
0,18678,1310,26935,38416,28370
0,11163,2661,1310,31868,9793,17773,22805,46973
0,48245,1589,16184,1310,3754,44107,3261,44402
1,29540,4062,17238,35465,34274,1310,46413,19467,7916
0,32974,15722,2612,849,48953,19356,1310,14016,34288,25607,7715
0,16913,20700,14425,1310,18222,35758
0,3693,28689,1310,22269,42226,26365,16355,12531,13083
0,24889,39058,17378,1310,25638,17529,18212,39319
0,11495,1310,19621,23022
0,36694,35826,1310,15828,10525,43190,9432,49267
0,11463,29867,15211,1310,45849
0,24983,7025,28915,8161,1310,39321,41418,32996,27447
0,11851,44062,33112,7661,20955,16769,36851
0,34464,10368,48467,16462,3754,1310,2817,47803,40290,32373
0,6835,11952,11621,30473,45186,20631,1310,32472,35672,4320
1,39364,22568,26277,29626,46160
1,20687,14016,1310,40003,6925,22780,4468,36791,24331
0,20121,48359,13887,1310,6719,13534,42503
0,11385,18631,21809,9395,8928,1310,1108,19362,11140,20000
1,45767,11012,12859,27619,14425,1310,3754,3532
0,30822,10166,25796,37513,3076,1310,48568,40521
0,22795,47734,20781,3929,1310,40439,36506,14340
0,5928,30633,692,1310,46228,43788,29369
0,1653,42894,7889,28612,7089,1310,42313,7404,9048,36175,44329
0,4233,25390,1310,36883,35000,46459
0,26103,43742,45717,1310,35976
0,174,27495,1310,48765
0,8182,31629,37516,2654,1310,11189,43119,17059,40569
0,45117,13706,13513,12347,27694,48733,30537,35934,1310,31472,26032
0,22873,14425,1310,35244,11968,44055
0,31953,8410,21418,1310,42024,30305,46058
0,11163,2661,1310,46566,1866,22723,41932,1605,41628,23157
0,46207,12318,1310,47864,31367,48038,8699,35588,32502,47751,2383,25297
0,929,47015,32626,1310,5707,13670,47734,26520,12048
1,40397,22529,1310,13724,15127,8211,5989
0,28230,3677,16032,1310,861,3447
0,49909,10050,1310,36366,45678,33168,38570
0,42814,32561,20752,1310,45717,18718,42642,49516,22202,14995
0,11294,29626,1310,49284,24753,15318
0,29813,47222,41290,1310,14824
0,39107,42439,1310,22949,32950,21584,21389
0,40732,1310,7453,6238,14667,9088,11548,7623
0,9834,31232,42330,14353,7661,1310,28689,29120,39807
1,26864,2970,7275,43724,4422,36246,26034,28791,1547,1310,47788,30729
0,46791,8015,17841,36501,49700,15929,1310,27137,48069,25295,38305,33010,9125
0,16536,19472,13653,5133,1310,6930,27338
0,37943,41863,1310,6125,20853
0,49312,36714,1310,11051,8847,7977,22304
0,22343,30986,5740,1310,40003,6925,22780,4468,36791,24331
0,48242,20503,811,42453,5707,1310,16780,28671,1676
0,43916,33624,21352,24922,5438,2327,1310,3419
0,28800,36520,9967,37808,1310,14281,21490,11360,33027
0,24807,26873,32482,27839,1310,36711,19239,36509
0,735,20129,30201,45617,1310,18747,42570,20234,32200,29890
0,21764,17809,35618,29626,1310,9281,34532,35209
0,737,1310,14016,11499,48303
0,14400,2554,1310,5427,14534,17502,1211
0,5520,10321,31817,8131,8132,1310,23678,42613,19398
0,40735,22211,1310,12888,39216,42209
0,31521,34663,44392,1310,18595,9129,46049
0,3204,27161,43976,549,1310,43402,16519,6563,32628,19429
0,3139,23549,27210,5961,1310,15211,29867,4457
0,18729,11909,1310,12888,30908,15102,11569,25536,18610,30101,38746
0,1713,36488,1310,46780,17468
0,24343,22269,1310,15469,8864,42655,22987,43496,15169,30367,22817
0,39515,21424,19837,38506,1310,5707,44911
0,9611,23976,5706,1310,88,29036,44604
0,26112,48549,1310,43914,8125,31529,21291
0,36256,1310,39460,36654,47791,30916
1,6781,42110,31264,30532,41754,1310,8372,6405
0,15427,19385,8605,1798,1310,3754,44107,24023,1368,25328,4037
0,15117,37364,44221,36927,1310,43424,1911,11482
1,22413,47343,12293,1310,4127,30393,44906,6284
0,41411,31714,36301,3985,42624,28101,1108,1310,45902,10487,12570,17409
0,40503,32704,31633,27245,26665,13250,29626,29704,37803
0,25675,17954,47575,12766,1310,13905,36216,29819,28476,5128,44454
0,27441,44888,1310,25390,26975,37706,23817
0,35334,14963,20423,1310,4327,29458,42259,40858,30467
0,12392,14357,1310,22269,43052,39394,18438
0,34848,48075,37057,3754,1310,23882,30240,11181,13260,5325
0,41230,44991,1310,23882,20577,35012,37937
0,4358,46711,3045,1310,19621,42125
0,2742,1310,22295,9953,18473,30683,18136
0,8076,35625,28312,39271,1310,41754,30532,42260,18724
0,8454,43914,1310,45717,9953,18473,30683,10212
0,29512,34519,49765,15596,4522,1310,19058,8941
0,39081,45567,1310,40537,18601,7618
0,5095,6215,39338,1310,38681,28741,22574
0,15743,12505,47422,1310,3213,30187,46925,15537
0,38378,31137,22196,31702,15603,1310,13151,8217,41680
0,10455,5341,22967,22949,1310,16383,39852
1,1574,47146,32549,12578,31510,8632,19643,1310,34518,13730,10532
2,35869,11204,35670,19302,33865,1310,48318,8913
0,651,12972,28502,19098,12608,4327,1310,12163
0,25305,4169,1310,27587,3883,3719,48390,33772
0,5734,25607,34288,14016,1310,6647
0,8477,29253,1310,43071,39389,38675,47257
0,12414,1310,3213,30187,32871,31823,46439
0,41984,47616,47270,39814,48078,46992,1310,22570,18947
0,26198,25256,1310,22643,42701,26185,42510
0,5206,1310,48555,33649,18841,15773
0,48367,48549,1310,10481
0,37929,41613,1310,14016,13127,41255,28677
0,29145,49915,1108,1310,14016,49818,25602,23055
0,13571,46413,1310,3754,7543
0,2790,41471,1009,9485,1233,9946,36460,89,18132,22069,14854,9391,7544,16858
2,27177,11350,43948,5707,1310,13144,25053,18312
0,5071,39854,634,46241,1310,1108,11598,48023
0,46478,26709,12570,10487,17220,1310,5183
1,9537,37300,22663,1310,19927,37289,36992,22850,14401,31063,39703
1,43102,15500,40538,29048,1310,41380,7553,22377,39501,302,17884,13436
1,9276,7384,30747,41678,29777,2254,10126,1310,23882,30240,7689,34154,9135
1,18110,14268,47390,33500,31926,1310,40104,27695
0,33950,29701,5443,1310,14016,649,22526
0,294,8398,10956,1310,43402,48376,16982,6695
0,46124,7132,49667,25084,1310,26188,49490
0,17530,20843,34524,34645,47506,9255,22161,1310,11051,16304,36262
1,4913,43749,10788,37486,1310,27071,380,21726
0,837,40248,28279,11975,14281,1310,27827,17876,38065
0,31407,46479,1310,35834,26545,37683,28182,120
0,17468,46780,1310,48549,26112
0,29144,42260,30532,41754,1310,6372,7335,30775,18905,35581
0,10905,12898,1310,37491,17102,19640,38590
0,27906,22960,1108,1310,6534,14854,24095,18872
0,11882,44204,1310,21794,24488,26578,44904,10742
0,7774,19094,30532,41754,20631,11121,33268,18927,35985
0,9887,26141,37685,20152,1310,41371,12338,3492
0,46913,21555,60,33652,42565,1310,38181,21040,19533
0,43662,1086,21837,7475,19621,14016,26293,48859,42115,14859,16452
0,34372,22355,12376,12002,9361,22570,1310,8674,23387,21398,31706,42774,30127
0,34428,11004,13115,634,46241,1310,37836,5121,17359
0,22231,45777,11301,34411,1310,39842,28883,13506,6203,40062
0,150,9787,5707,20631,30243,26975,12307,7372,42715,5391,36196
0,48248,31585,18350,38120,17612,29475,3932,1310,16184,26127,35943
0,1019,3688,1310,29048,40538,15500,14902
0,36961,1310,22691,7045
0,7847,19058,1310,2599,486,30406,1212
0,17682,18139,49009,1310,47346,21883,8920,27669
0,5298,46750,21883,47346,1310,14766
0,13518,35273,36682,45554,9253,1310,29626,29704,1074
0,14135,8128,1310,13753,5296,25713,27998,36416,26015
0,41130,9243,1310,24160
0,3655,45884,11951,23444,1310,48549,47319
0,30726,30358,32882,32791,40391,19732,14016,1310,23896,1987,25608,46296
0,10273,1310,44631,31895,43795,23888,32121
0,26714,13534,41996,14016,3360,46498
1,6401,13829,17997,37108,36819,20631,1310,36914
0,13441,5513,8412,6869,47989,4436,41855,1310,48816,44467,19568,48020
0,26643,16000,25602,49818,14016,13432,27158
0,8679,44057,25358,17798,1310,1547,28791,26034,36246,2775,42791,20327,47466
0,2165,21172,34195,1310,42699,38932,14562
0,1392,37831,12873,30111,1310,5427,40693,15677,40733,34368,21528
0,38210,7351,1384,1310,27861,15919,6576
0,45685,10494,610,28579,1310,3988,5139,15995,45633
0,27196,45264,1310,1324,34749,29030,26804,46565
0,49850,29539,19621,1310,28829,10661,49148
0,25560,44542,1310,33768,19250
0,40826,11471,20611,1310,11365,37678,47890
0,12680,13580,369,31281,25430,3656,1310,33868,40455,22636,8243,38395
0,30676,2554,1310,14016,42638,38918
0,31523,442,9380,3754,1310,42439,32221
0,35739,1310,39648,20037
0,7568,33634,2554,1310,7661,11846,5496,5394,46829
0,10588,48077,3426,4969,1310,28991,31647,37386,35925,34249
0,23941,39072,40634,10289,1310,23036,12529
0,1689,31923,22840,1310,1107
0,27133,40288,46687,31278,37785,1310,41290,30237,47774,11656,49165,18733
0,32617,8324,46171,1310,28689,25785,4188,36817,40085,23464,9313
1,6054,47672,27333,49838,3215,2906,1310,35613,29892,37771,7255
1,49822,25219,44219,27918,1724,16184,1310,36902,8496
0,20160,31279,28829,1310,29626,45935
0,21814,4871,22087,24485,11490,1310,33474,45880,26762
0,18452,36963,48057,23173,1310,3754,21145,31976
2,36810,16966,2517,1310,22481,14206,35573,34548,27916
0,39075,8928,1310,43324,40563,31578
0,4728,8870,3512,1310,2548,14029,30745,13117
0,8861,47278,49075,44715,1310,11623,8737,28088
0,39118,7828,16366,19004,14285,1310,23882,27745,3899,21494,14558,24925,33922,23252
1,2875,34846,1310,20631,13717,40031,20800
0,25225,34563,28358,1520,1310,119
0,33544,29644,38683,1310,44810,6831
0,21291,31529,8125,43914,1310,47153,11743,36777,13350,44735
0,48342,3791,18919,37092,1310,10022
0,36652,25841,11994,39975,1310,22269,24437,32879
0,47790,21199,34288,14016,1310,21811,13445,23291,4664,47949
0,40425,5502,26506,5600,42812,21794,1310,35011,43001,31600,32517,7593
0,25833,7793,21107,1310,23580
0,1558,36483,1310,35015
0,39046,13479,1310,40696,42670,39399,9185
0,13523,29025,736,19460,6218,1310,27997,26633,37520
1,48922,1310,2517,16966,10970,8676
1,5927,25058,24974,48568,1310,45033,838
0,43500,18804,35896,7321,42778,39774,45838,1310,4522,30353,26543
0,16387,25059,1310,34013,37360
0,44662,47882,1310,12898,41469,27350
0,35781,25017,43511,10113,1310,43145,39554,35383,36111
0,18963,20150,5313,38027,41371,1310,8276,47196,40760
1,22687,33225,7237,23195,7959,47018,22949,1310,22570,9361,12002,12376,11755
0,36155,1310,46171,46302,32926,20918
0,9944,24478,23896,1310,8703
0,5364,1310,19309,16329
0,28564,16441,34356,25441,25103,1384,1310,4636,19733
0,6060,1310,41371,38027,5313,20150,18963
0,41312,14809,33463,18440,1310,10956,24895
0,6325,46567,38297,4971,22269,11365,35501,17403,49353
0,17950,20631,1310,31261,31260,31960
0,27396,1310,8703
0,5581,1310,4237,41195,32374,37542
0,17065,37695,1310,27398,25643,20231,2187,46271,17947,29722
0,40548,13517,1310,23103,3289
0,32744,4115,31779,44536,23399,6719,1310,40833,1196,42860
0,47382,25558,18634,1310,37486,30698,20425
0,40636,44889,1310,28015,4020
0,39942,48984,1310,22559,44925,33736
0,3781,3176,18892,1310,43161,24471,42315
0,8750,24581,45293,42008,38181,1310,42439,25644,15017,43842,27432
0,26648,20684,1310,9041,14500,28144
0,1426,6363,1310,48747,44918,17074
0,39496,41301,7808,1310,41406
0,19833,11738,27867,12791,5217,38792,1310,23882,9182
0,34567,11034,25909,36946,36213,1310,3754,40309
0,22770,33299,26367,23896,1310,3963,39373,41706,49620,26981
0,31639,6048,15685,42750,27699,682,29698,31051,1733,26177,18892,29626,39216,10437
0,41841,38592,43424,1310,41152,756
0,15897,30223,6536,1310,19621,19358,11104,26508,31302,39890
0,4380,8205,32978,8060,1310,43298,16391,49519
0,41244,2305,33111,47927,24201,1310,23173,48057,36963,18452
0,36518,25684,32419,22269,9892,14016,37286,16516
0,49655,32796,4169,1310,20584,427,46543,18416,30635
0,14235,49445,30169,1310,45870,39421,39534,12111,10363,6602,14157
0,1785,1367,48320,42521,1310,17044,36031
0,46519,16084,39538,28101,1108,1310,19360,25904,47149
0,3644,41068,11092,1310,36488,7897
0,43678,21475,1310,2517,29231,14520
0,22293,24554,7699,11909,1310,25084,49667,35243
0,42139,25266,3932,1310,41613,37929
0,47190,20105,1310,7160,16321,44534
0,26577,23103,1310,17342
1,13817,46681,14873,11429,14016,1310,12995,3390,46985,47098
0,13899,25551,22069,1310,16032,47973,34948
0,16793,45572,6020,48816,1310,20791,15353,28694
0,49399,5790,33527,26771,42627,47532,1724,16184,1310,15081,1565,28831
0,33720,37806,5740,1310,25450,48276,49218,33597,19253,16656
0,22903,26227,18248,1310,11131,34403,8368,13896
0,14330,31341,29626,1310,41371,12338,12375
1,30467,40858,42259,29458,4327,1310,13005,38980,23349,47670,29983
1,40397,22529,1310,19309,41758
0,42433,17280,29985,1310,47817
0,38783,39421,45870,1310,45345,37024,47561
0,4446,35623,43881,1310,26935,48632,37891,10016
1,9222,29547,26063,16962,40989,1310,28205,44017
0,5289,39518,1310,47882,44662
0,49597,38437,1310,20143,17698,37934,17633,18771
0,39306,34645,28749,33461,41453,1310,41920,10500,46623
0,14805,39375,5018,9281,1310,2028,17143,28177,9816,42839
0,26062,47594,25959,21609,38683,1310,3754,43330,8855,12574
0,30769,9510,17675,38,1310,22211,27,39087,46948
0,23731,429,26578,24488,21794,1310,15176,9027,49062,11913,10479
0,12140,7808,1310,7442,4607
0,49162,1310,9426,1526,23054
0,45594,29626,14016,7210,4060
0,28066,28009,31123,47121,24403,34472,3101,1310,33937
1,44895,2238,7025,28915,8161,1310,9011,46052,48155
0,27375,39149,22982,16519,25337,1310,48765
0,8449,19643,1310,41380,7553,22377,4499
0,26131,12747,43536,41448,23896,1310,42490,38324,23761
0,25486,23427,14334,1310,11214,22101,21703,29840,35726
0,10803,11404,4149,18842,1310,31788,7249,30337,26722,35004,36481,16675
0,34560,31418,17140,6175,45867,1310,11214,22101,21703,12405,48297,11388
3,30689,34978,22880,42586,25402,34938,14470
0,40108,8421,21832,1310,19621,23112
0,22074,12322,3727,3932,1310,3929,12305,39088
0,45843,6445,27372,22227,10778,1310,6813,39847,12351,932
0,22834,11716,34293,31704,1310,44125
0,10464,35029,1310,6916,46038
0,25910,8183,13217,39518,1310,33759,35237,42184,46325
0,26534,28205,1310,24634,23559
1,1139,23196,1310,19810,43353,47145,11815
0,8771,39181,8728,39236,1310,9011,431
1,24912,18291,1652,8128,1310,21560,45449
0,30136,10037,6286,24936,7524,1310,43402,16519,22982,39149,27375
0,4628,8854,1310,36405,43042,57,33640,33803,49170
0,37881,3058,31338,3754,1310,43337,44973
0,3088,31581,1310,23045,21372,12428,27373
0,47330,16033,22161,1310,27137,30760,3479,22579
0,5891,39153,1310,48549,30603,37120
0,3078,20263,1310,37939
2,39487,1310,354,47274,1624,34132,4553,49381
0,30280,47064,1310,44642,6045,20540,24833
0,29200,22269,1310,14016,29648
0,26069,6481,12558,1310,29381,31841,22550,34975
0,26695,8674,1310,7063,7353,14808
0,48251,15441,46566,1310,38418,18951,8529,16553,24865,26283,17691,26507
0,41162,11456,2326,18919,37092,1310,22269,28130,47014,45423,29709
0,29261,28331,1310,22663,15550,38079
0,871,37584,4065,1310,5707,30046,12552
0,34258,9556,5910,6116,1310,13119,10841
0,11128,28542,35130,46322,6719,1310,13048,17668
0,13173,49284,1310,42374,22227,37757
0,7051,29041,13874,44116,1310,1108,48187,5060,33909
0,43679,24352,31882,1310,14307,6329
0,32733,39438,39463,1310,14016,13432,4442,31799
0,28285,32900,29626,1310,29787,49169
0,16075,44126,46413,48549,39216,38123,23251
0,43501,48345,1310,14016,46158,35188,48706,24657
0,41131,39008,31691,1310,30227,9121
0,5524,8324,46171,1310,8210
0,22253,4821,12366,42567,1310,3988,5139,33658,15621
0,33613,8712,4184,42093,44618,42937,1310,8824,48196,7015,31979,16164
0,33942,2894,22692,809,1310,28194,36675,42842,45900,13080
0,7903,1310,28991,14571,35096,24097,18151
0,33310,12785,39236,1310,34195,47746,35001,449,20218,30953,10489,25953
0,9809,21609,38683,1310,13753,41363,23052,17856
0,5408,34306,5655,12964,1310,38181,42008,17140,37116
0,41173,41571,4844,18859,42068,37627,8211,15127,13724,1310,40965,2162,24418
0,8471,1310,8734,42677,42918
0,30894,2183,5707,1310,39518,2377,13000
0,30244,41993,516,7198,48403,1310,1520,5585,21505,37105
0,34380,3754,1310,8111,5841,12758,46912,34624,34895
0,31659,2335,2443,1310,35244,15555,42444,33726,8134,44089
1,32215,32364,23678,1310,12295,6936
0,48680,45720,7891,4614,17396,1310,28829,7741,49096
0,44817,33499,5798,27829,1310,22295,9953,18473,30683,36729,13609,21037,1935
0,40976,32515,9972,1310,1825,12739,25275,38100
0,35057,1310,29253,8477
0,1989,30976,25450,1310,41672,17630,40734,41474,27650,1583,29289
0,39306,34645,28749,33461,41453,1310,29626,2898
0,38012,24929,31535,1310,29626,38708,8470,6855,9484,22988
0,47771,12653,17378,1310,21794,7411
0,46137,1310,30111,27709,24403,19124
0,34613,41993,516,7198,48403,1310,4522,40185,4368,20532,41624,2673
1,12632,3569,8742,33996,1310,3754,9512,20472
0,14422,2120,1310,7969,8001,34658
0,18980,20465,4121,16383,1310,19621,16866,28255,31707,40813
0,42958,24926,1741,1310,28118,23326,18217,49272
1,19531,17504,20699,1310,2661,15590,26812,33275,7955
2,40397,22529,1310,16762,32605,12087
0,6026,14190,23313,41363,48903,1310,11193,49958
0,43520,44622,31974,31031,1310,45254,29579,42886
0,18190,27100,45313,47714,1310,4969,3426,5465,14294
0,20215,23714,246,1310,29895,27533,8996,7269
1,17885,3674,16159,16020,1310,36119,11280,33266,45790
0,1115,2363,1310,37486,30698,47798,16322
0,11702,44989,31134,38310,1310,14281,27723,29465,20119,11707
0,46389,33695,20385,1310,15527
0,6031,27032,21087,27391,1310,9714,640,17935,6185
0,42233,4148,24531,28460,9420,25558,18634,1310,8674,36079,35212,22587,16293,2299,47296,34314,2264
0,12018,6321,39790,5694,47902,20781,3929,1310,43526,26043,7153,35587
0,41938,30340,6188,1310,16383,15305,22676
0,48667,2772,1310,1108,11598,46540,6145
0,2365,49844,8239,19220,23294,1310,31584,8696,13850
1,11463,29867,15211,1310,43914,6495
0,25994,14254,17318,4538,1310,31581,3088
0,11405,1310,44748,18180,9440,49644,6017
1,29206,6041,15723,1310,12960,45308,6598,49983
1,9276,7384,30747,41678,29777,2254,10126,1310,49315,44472,36759,4806
0,41867,43110,36454,49956,6561,1310,11909,44807,112
0,49069,48549,1310,14016,41559,17437
0,22096,47661,43402,1310,22949,24942,32069
0,35843,20354,1648,31669,13028,1310,6570,42150,42620,7601,44255,17637
0,26741,31851,5198,7524,1310,4522,9390,9330,7271,9143,15573
0,3541,18998,21989,23316,1310,3754,31338,3058,49323
0,331,29462,1310,36366,45678,1523,7156,11207
0,32579,18801,40185,4522,1310,47682,25624
0,38648,1310,2554,30606,38825,43650,37763
0,39811,31057,36645,1310,14016,6345,42809,37032
0,8355,37909,1310,43145,39554,3098
0,23157,41628,1605,41932,16508,9079,48082,1310,15252
2,35869,11204,35670,19302,33865,1310,46744,18601,21899
1,44852,41,18974,1310,24499,10228,228
0,32609,45048,33747,1310,12413
0,3139,23549,27210,5961,1310,6685,26793,3514
0,45855,38190,6794,6605,1310,16170,15935
0,33908,1310,39519,15167,22698
0,23112,19621,1310,21794,24488,28537,32534,11756,28594,25657,48296,881,41513
0,27348,34403,11131,1310,48816,24069,13384
0,29442,47392,19621,1310,8674,13556,14351
0,49101,47310,21059,1310,3754,1208,14724,26224,28148
0,28308,32354,48568,1310,37912
0,24870,17709,40457,14016,42285,14933,2800
0,45594,29626,1310,49305,36290
0,45735,19262,34871,43866,14016,1310,8674,5933
0,9872,8693,13112,1767,43917,1310,9714,640,45622,11416
0,27233,3685,41335,39184,1310,47523,5292,18427,19112,49621,43229,34968
0,33914,24296,35694,22269,1310,44613,34938,238
0,6348,4420,43658,3479,30760,27137,1310,28194,9715,20495,35271,30945,23511,18388,47221,3328,36861,15665,6147
0,38637,42686,5716,11019,9509,3062,1310,1547,28791,26034,36246,2775,41588,36446
0,47358,23070,25695,47802,1310,37725,16719,42268,18566,32202,26699,45296
0,32300,25437,39104,15810,1310,49823,39914
1,41333,1310,43881,35623,29975,714
0,10198,10566,13957,36336,1310,6188,8673,44878
0,14264,1310,6720
0,27319,49115,43560,43713,1310,6060
0,9921,41504,6675,1844,1310,12413
0,15213,22361,8632,19643,1310,14016,3758
0,41973,26876,35912,1310,45788
0,30292,29080,46290,1310,18067,36594
0,46948,39087,27,22211,1310,22269,18462,27991,3493
0,9667,14016,45445,37057,18773
0,43107,12279,2453,46192,1310,20328,22610,30708
0,19372,1310,33455,41658
2,5364,1310,7661,33264
0,43607,24552,42117,13313,1310,2467,19366,24937
0,11464,1310,16184,1724,24705
0,24271,1310,38181,21040,19533
0,30611,1310,17460,14134,22977
0,49657,48549,1310,43402,48376,41431,36858,32746,38374,18379
0,12596,39115,1310,27739,45665,21392,25360
0,2287,27207,12567,1310,4327,12719,22713
0,21045,41655,19746,2554,1310,17220,46376,44936,21202
0,39215,27785,3883,27587,1310,47864,40563,31578
0,9597,41975,1310,64,36156,19546,19440
0,5689,42937,1310,22949,38949
0,19702,34768,23216,1310,30169,31301,1347,13146
0,44251,12766,1310,5082,29203,25181
0,9865,1310,37486,20735,6971
0,35528,15046,1310,43594,6845,11245
0,37548,3470,48897,24680,640,9714,1310,48568,28623
1,40160,9304,38131,1310,35011,21633,33472,5123
1,387,24770,2028,1310,48158,24306
0,20418,25085,17833,11131,1310,37186,10201,38162
0,38615,22785,1241,40375,5707,42801,37090,14105,9825
0,8026,29626,14016,11991
0,28121,10232,11540,30111,1310,25290,46211,8963
0,27411,36703,19480,681,38181,4443,30169,30848
0,12374,1310,19621,43615,3600,11617
0,26465,37521,48409,43420,1310,1108,28101,35216,29743
0,31365,43418,36295,32960,41371,1310,47744,5646,41384,10676
0,10358,31757,1310,12176,8427,24405,18742,7902,42652,37511,30935
0,35341,1310,14016,31110
0,16413,32334,1310,36714,5557,30215
0,32975,19583,26592,1310,41260,3424,13960
0,49713,41510,3401,22158,1310,38578,33103,48956,24072,11829
0,37366,28467,1310,14979,36829,9934
0,15034,26774,36586,14016,1310,11365,42183,48892
0,40134,1310,48568,14563,13785,6970,37471,1028,43168
2,44510,38,1310,45717,27973,37193,35955,15701
0,4042,37529,14016,246,43233,22227,49925,12556
1,30925,47862,46945,45444,14016,1310,38830,47018,7959,23195,7237,49359
1,6923,9098,39307,30028,1310,14207
1,6179,45874,25777,1310,46717,32729,10987
0,49479,37486,1310,970,23916
0,11791,22545,16040,6719,1310,30445,46882
0,22459,24114,38389,1310,17033,48830
0,14804,15108,17907,34276,45866,17702,32017,5707,1310,44775,22247,27570
0,48792,42613,23678,1310,23316,45026,4679,15714
0,21298,46165,18403,1310,36865
0,11039,49787,14654,22458,1844,1310,48816,17695,29270
0,37026,33975,1310,5707,23515,41194
0,32548,4877,1310,48816,6020,45572,16793
0,3221,13456,32299,17671,7493,1310,34195,35491,21049,35932
0,5482,13904,31611,8466,23500,36424,23036,1310,3731
0,44745,1310,4636,34760,37484,33794,28740
0,2057,13990,2661,1310,5821
0,26039,39723,32104,47999,11424,1310,29362
0,17254,43050,10611,10517,32740,1310,5561,36997,41817,38721
0,32636,964,36983,4245,1310,41454,7102,15432
0,8615,22299,9814,11381,43568,15555,35244,1310,39781,18132,89,36460,9946,1233,9485,1009,41471,2790
0,43032,13726,37723,1310,6719,44477,1048,10423,33886
0,20380,29626,1310,48903,6277,35198,12411
0,33839,3310,4689,1310,47523,5292,18427,19112,26642,48634
0,33371,17275,22161,1310,758
0,27660,22269,1310,32570
0,38676,14016,1310,30111,31921,27126
0,37063,26293,14016,1310,23678,42613,48792
0,28063,48100,2407,6745,22269,1310,4327,12407,47381
0,46218,1310,37782,17397,1316,9855,24810
0,48245,1589,16184,1310,25256,40218
1,6378,6007,41987,1310,30113,7832,11274,40319
0,3152,17666,14254,2936,19621,14016,36586,33698,27306
0,27519,1686,23515,5707,20631,17978
0,5923,35740,6741,1310,22269,43052,39394,18438
1,31699,36088,29626,39216,16972
1,22956,1310,20446,8769,5430,16330,14568
0,49713,41510,3401,22158,1310,1547,28791,43616,13031,47888,48690,5804
0,633,42288,22166,30537,35934,1310,16032,19929
0,24333,43658,3479,30760,27137,1310,16849,36411,898
0,35089,21320,45490,7513,43616,28791,1547,1310,8128,34574
0,43302,48820,17383,1310,36764,40514,39360
1,41941,40912,319,7110,1310,201,30146
0,22346,2162,40965,1310,10848,22491,32755,2459,27749,42779
0,32184,23403,31230,31581,1310,18634,25558,35258,31267
0,24949,41353,33372,37889,48549,20142,9373,46602,23527
0,15997,14062,7339,38223,19230,1310,11051,12320
0,3115,11504,3566,47230,27802,8388,47562,1844,1310,27997,24215
1,49938,32729,15081,1310,14016,19732,40391,48510
0,14797,26275,15330,433,2548,1310,42937,37034
1,26162,37090,1310,35846,16339,23809,49361
0,14733,17142,47864,1310,22663,15550,6388,35816,17348
0,20707,16831,27966,14016,19621,36915,11488,21022,22312,32370,24247,9740
0,12931,49445,30169,1310,33688,10132,8608,4283,4795
0,46378,9000,44918,22159,1310,7803,47630,41767,22546
0,19702,34768,23216,1310,13048,5788,49854
0,16008,28842,42801,5707,1310,19621,16866,28255,31707,24943
0,16468,11765,49104,41288,47242,38830,1310,29787,24346
0,33974,13493,14016,1310,6719,37138,18673,47624,45157
0,4117,3923,37740,1310,42481,6914,46923,48571
0,49998,37870,22269,1310,2327,15390,17842
0,28496,1310,3467,39287,21699,38019
0,26027,1310,36714,32632,30335,12546
0,21196,45349,1310,39460,33300,39384,8884,9523,49903
0,16342,46657,23074,11529,1310,33455,41658
0,4132,14525,246,1310,20684,26648
0,23329,24512,39421,45870,1310,22949,24115,6451
1,34848,48075,37057,3754,1310,37439,47050
0,24648,14608,20631,1310,35872,7064,33820,1915,35885
0,26580,2273,10228,24499,1310,40153,20382
0,20380,29626,1310,49691,47209
0,29833,46968,1310,24340,19246,15510
0,44469,33367,42567,20752,44213,38117
0,37862,22535,25558,18634,1310,10289,24786
0,6933,17919,46408,24338,1310,29014,13159
0,36710,12670,44116,1310,40114,8659,20248,38015,27571
0,40109,18673,21100,40671,1310,18800,49126,36685,7328,12764
0,18027,48399,48549,1310,35272,37965,34486
1,6144,33452,12496,1310,40190,35411
0,42892,49971,959,47807,21161,45078,4870,1310,11529,16454,839,46342,33218,3721
0,33276,9027,15176,1310,18067,47883,14647,46209
0,8918,8688,25869,1310,23882,30240,24747,14163,22807
0,416,4269,35338,138,49286,28711,20791,1310,35826,26652
0,23683,1985,47337,31851,5198,7524,1310,29691
0,22015,31868,1310,7661,43317,36202
0,38384,41624,20532,4368,40185,4522,1310,46461
0,8107,5060,48187,1108,1310,25757,8071,4140,26133,16220
0,47915,32857,16512,5940,28438,19023,1310,15469,8864,42655,22987,36855
