Epoch,Total Events,Max events per LP,Min events per LP,Mean,Std Dev,Fifty,Seventy five,Total LP
0,129,2,0,0.0709570957095711,0.263174112439186,62,94,19792
1,107,2,0,0.05885588558855885,0.24683179088107038,49,76,19792
2,91,2,0,0.05005500550055003,0.2231078261537603,44,67,19792
3,75,2,0,0.04125412541254126,0.20439036511198486,36,55,19792
4,87,2,0,0.04785478547854784,0.22603840204339268,39,61,19792
5,160,2,0,0.08800880088008792,0.30399884122246984,70,110,19792
6,109,2,0,0.059955995599559976,0.24878880678107948,50,77,19792
7,143,2,0,0.07865786578657868,0.27733292748088495,68,104,19792
8,143,2,0,0.07865786578657868,0.28516033126177837,64,100,19792
9,45,1,0,0.02475247524752475,0.15541259838524243,23,34,19792
10,245,2,0,0.13344226579520693,0.36188022833835654,109,170,19792
11,341,4,0,0.1809978768577496,0.43191807753224865,140,225,19792
12,268,3,0,0.1386445938954993,0.37990630916759527,112,179,19792
13,268,3,0,0.13590263691683507,0.3698273167222183,117,184,19792
14,230,3,0,0.11403073872087276,0.36171777267717437,91,148,19792
15,372,3,0,0.18014527845036318,0.43966708931483844,144,237,19792
16,297,3,0,0.13878504672897168,0.37932843460564863,127,201,19792
17,297,2,0,0.13642627468994006,0.3666229758780487,131,205,19792
18,340,3,0,0.15212527964205824,0.3891301762344667,147,232,19792
19,313,3,0,0.13770347558293022,0.3705123570852665,137,215,19792
20,249,2,0,0.10811984368215365,0.33352900644788447,108,170,19792
21,473,4,0,0.2018779342723006,0.4655106270883567,181,299,19792
22,478,5,0,0.20488641234462085,0.4821266385327383,176,295,19792
23,482,5,0,0.20704467353951872,0.4818156407922582,175,295,19792
24,420,4,0,0.17941050832977337,0.4309835633040377,173,278,19792
25,404,4,0,0.17264957264957237,0.4198218094739115,170,271,19792
26,597,4,0,0.2535031847133753,0.5204642226948961,221,370,19792
27,435,3,0,0.18863833477883765,0.4432880126961354,173,282,19792
28,413,3,0,0.18066491688538944,0.4268788508648357,170,273,19792
29,456,3,0,0.20159151193633948,0.44912528409396596,185,299,19792
30,416,3,0,0.1845607808340728,0.43443782651846347,171,275,19792
31,456,3,0,0.19982471516213848,0.44558328883491205,188,302,19792
32,537,4,0,0.23408892763731518,0.505225310978541,197,331,19792
33,572,5,0,0.24847958297132894,0.517351963907611,208,351,19792
34,611,4,0,0.2630219543693508,0.5259393736493426,225,378,19792
35,522,3,0,0.22413052812365813,0.47669207766332833,207,337,19792
36,565,4,0,0.24073285044737994,0.5078186384986895,207,348,19792
37,695,4,0,0.2931252636018562,0.5569953835519542,245,419,19792
38,464,4,0,0.19253112033195016,0.4503886795968526,181,297,19792
39,459,3,0,0.18920032976092338,0.4356093249405355,190,305,19792
40,514,3,0,0.2113486842105262,0.4779665106690834,189,317,19792
41,445,3,0,0.18418874172185462,0.4312032420998498,184,295,19792
42,474,4,0,0.1964359718193122,0.4437185274185421,195,313,19792
43,584,5,0,0.24343476448520232,0.5340117174781258,199,345,19792
44,597,4,0,0.25052454888795567,0.530131886507794,208,357,19792
45,678,5,0,0.2863175675675673,0.5453171575893222,251,420,19792
46,598,3,0,0.2532825074121137,0.5177105158354339,214,363,19792
47,535,4,0,0.2265029635901785,0.48081398689664745,211,345,19792
48,515,3,0,0.2219827586206899,0.46927084600751673,207,336,19792
49,516,4,0,0.22405557967868034,0.46994247059311395,210,339,19792
50,529,5,0,0.22910350801212656,0.49249314639575265,201,333,19792
51,540,4,0,0.23326133909287305,0.5015270014083797,198,333,19792
52,433,2,0,0.18679896462467657,0.42378366823317204,185,293,19792
53,475,4,0,0.20386266094420594,0.46434265233439836,187,306,19792
54,558,4,0,0.23714407139821528,0.4964472453492715,212,351,19792
55,588,5,0,0.2490470139771284,0.5090537731666378,224,371,19792
56,720,4,0,0.3018867924528305,0.566338139440907,249,429,19792
57,547,4,0,0.22782174094127455,0.4806165778217955,217,354,19792
58,449,3,0,0.186849771119434,0.4381402548469021,180,292,19792
59,437,3,0,0.18423271500843166,0.4368565599380529,175,284,19792
60,540,4,0,0.22670025188916934,0.4925236352510516,203,338,19792
61,564,4,0,0.23568742164646858,0.5103741062601834,201,342,19792
62,482,3,0,0.201000834028357,0.44708185517961185,198,318,19792
63,437,3,0,0.1823112223612848,0.4349745237623159,174,283,19792
64,475,4,0,0.19983172065628957,0.4513727344529323,193,312,19792
65,541,5,0,0.23099914602903487,0.5079586429154986,192,327,19792
66,552,3,0,0.2344944774851317,0.4828372057824508,220,358,19792
67,690,4,0,0.29374201787994886,0.5519510105839854,253,425,19792
68,521,3,0,0.2267188859878156,0.4897199453791901,192,322,19792
69,408,4,0,0.17563495479982752,0.43150126451203213,164,266,19792
70,440,4,0,0.18924731182795682,0.44525185914315857,176,286,19792
71,454,3,0,0.1953528399311531,0.44851590096509936,178,291,19792
72,522,5,0,0.2258762440501947,0.4790379069338524,210,340,19792
73,503,3,0,0.21984265734265718,0.4705675495563996,199,325,19792
74,459,3,0,0.19870129870129907,0.44721170897515633,186,301,19792
75,511,4,0,0.21950171821305842,0.4847633857641648,189,317,19792
76,531,4,0,0.22663252240717077,0.49102018730286134,197,330,19792
77,491,3,0,0.2079627276577725,0.4570030878878141,196,319,19792
78,710,5,0,0.2983193277310926,0.5689873888958711,239,416,19792
79,447,4,0,0.18948707079270838,0.4513194675761905,176,288,19792
80,398,3,0,0.17001281503630955,0.4105108864206805,169,268,19792
81,374,3,0,0.15982905982905957,0.396771888411864,162,255,19792
82,412,3,0,0.17804667242869487,0.42135226430537775,173,276,19792
83,561,3,0,0.24149806284976377,0.49871479387021894,211,351,19792
84,445,4,0,0.19197584124245026,0.43852597224429574,185,296,19792
85,553,3,0,0.24095860566448762,0.5070341695724361,203,341,19792
86,499,4,0,0.21667390360399535,0.4838305210619067,186,311,19792
87,436,3,0,0.19164835164835164,0.44109548138074534,181,290,19792
88,671,4,0,0.29769299023957385,0.5858397122626062,218,386,19792
89,559,4,0,0.24625550660792878,0.4982751968505558,220,360,19792
90,395,4,0,0.17539964476021305,0.4245451954460546,164,263,19792
91,422,3,0,0.1864781263809104,0.43868334000414816,171,276,19792
92,403,3,0,0.17887261429205495,0.43232730535113884,161,262,19792
93,525,5,0,0.2298598949211913,0.509362004714583,189,320,19792
94,497,3,0,0.21487246000864665,0.4623396511409899,200,324,19792
95,529,4,0,0.2283124730254633,0.5013895638314979,189,321,19792
96,565,4,0,0.24134985049124322,0.5116745320002032,206,347,19792
97,447,5,0,0.19086251067463703,0.4469673107760406,179,291,19792
98,459,4,0,0.19581911262798626,0.4540889427729752,179,294,19792
99,643,3,0,0.2692629815745388,0.5336847364551945,228,389,19792
100,440,5,0,0.18699532511687186,0.4440278577955939,178,288,19792
101,615,4,0,0.2608142493638677,0.5326024341278126,215,369,19792
102,511,4,0,0.21461570768584615,0.462606505280627,208,336,19792
103,450,4,0,0.18734388009991676,0.44976520041921614,174,286,19792
104,532,3,0,0.22074688796680497,0.4737013470645131,210,343,19792
105,481,3,0,0.20244107744107748,0.46322705209198173,185,305,19792
106,530,3,0,0.22064945878434675,0.47733109659705647,207,339,19792
107,560,5,0,0.23549201009251453,0.5049708624025294,207,347,19792
108,310,2,0,0.13085690164626443,0.3567841304589119,140,217,19792
109,510,3,0,0.21428571428571444,0.46423778789909503,203,330,19792
110,492,4,0,0.20882852292020368,0.462273697075394,196,319,19792
111,525,4,0,0.2202181208053689,0.47132881794712644,207,338,19792
112,668,4,0,0.277178423236514,0.5165765317049803,263,430,19792
113,501,3,0,0.21023919429290813,0.46347271082262076,199,324,19792
114,490,3,0,0.20851063829787256,0.45943576332171193,197,319,19792
115,501,4,0,0.21401110636480158,0.474017398302731,192,317,19792
116,378,3,0,0.16300129366106098,0.4187090924971988,149,243,19792
117,465,5,0,0.20017219113215634,0.4555712786992701,186,302,19792
118,432,3,0,0.186367558239862,0.4384858470736463,173,281,19792
119,453,4,0,0.19712793733681486,0.4569880402741435,175,288,19792
120,503,3,0,0.21756055363321816,0.47140979237889297,198,324,19792
121,395,2,0,0.17316966242875922,0.4085693821882459,171,270,19792
122,552,4,0,0.24295774647887314,0.5105178745111266,206,344,19792
123,520,3,0,0.2332884701659942,0.47688490020156127,208,338,19792
124,495,4,0,0.22287257991895557,0.4796198160950444,195,319,19792
125,480,4,0,0.215150156880323,0.47101070827346575,189,309,19792
126,402,3,0,0.17898486197684785,0.4325549956590779,162,262,19792
127,244,2,0,0.10961365678346824,0.3292854147691649,111,172,19792
128,393,3,0,0.17815049864007249,0.43277664610333344,154,252,19792
129,510,4,0,0.23160762942779284,0.49709748590343444,191,318,19792
130,705,6,0,0.31070956368444247,0.5773310840416765,246,422,19792
131,586,3,0,0.2592920353982309,0.5247545716332921,207,353,19792
132,411,3,0,0.18018412976764592,0.44076504594906507,160,263,19792
133,449,3,0,0.1950477845351867,0.43500840193482465,189,301,19792
134,445,3,0,0.19474835886214428,0.4518578986301369,173,284,19792
135,437,4,0,0.1910800174901617,0.4444161348820292,177,286,19792
136,449,4,0,0.1971027216856892,0.4555329483163787,177,289,19792
137,365,3,0,0.16043956043956029,0.397020322549057,160,251,19792
138,223,3,0,0.09793588054457608,0.3308668772161009,92,148,19792
139,406,3,0,0.17583369423993075,0.42486184936743293,165,266,19792
140,734,5,0,0.31515671962215563,0.5864576253274382,247,430,19792
141,776,3,0,0.33148227253310536,0.5879014382313523,261,455,19792
142,578,5,0,0.24377899620413324,0.5265506495862968,205,349,19792
143,475,3,0,0.20195578231292505,0.453293164593687,190,309,19792
144,478,2,0,0.20280016970725492,0.44333467741302973,199,318,19792
145,402,3,0,0.16890756302520987,0.41821653388595365,166,266,19792
146,432,4,0,0.18220160269928296,0.4382978716787312,174,282,19792
147,488,3,0,0.20564686051411718,0.4635283026758797,189,311,19792
148,412,3,0,0.17383966244725768,0.4252370327368736,167,270,19792
149,445,4,0,0.18776371308016881,0.4554649852141792,167,278,19792
150,470,4,0,0.1965704726056044,0.4707387045711504,173,290,19792
151,777,4,0,0.32321131447587403,0.5638081713114454,286,480,19792
152,641,3,0,0.2726499361973626,0.5340457351111623,236,396,19792
153,531,3,0,0.227214377406932,0.46832419728837876,217,350,19792
154,449,3,0,0.1900126957257726,0.4363288362608197,186,298,19792
155,520,3,0,0.21922428330522742,0.46831417495304173,210,340,19792
156,475,4,0,0.20118593816179559,0.4488387461810399,196,315,19792
157,415,3,0,0.1739312657166805,0.4269822558912078,165,269,19792
158,457,4,0,0.1907345575959935,0.44853475539463317,184,298,19792
159,622,4,0,0.2580912863070544,0.5247969897149457,226,381,19792
160,512,5,0,0.20975010241704248,0.4793301112577751,195,323,19792
161,553,3,0,0.2258064516129035,0.4901518006568141,205,343,19792
162,568,3,0,0.23250102333196843,0.4873247679551162,220,362,19792
163,493,3,0,0.20304777594728185,0.4460592668858926,203,326,19792
164,351,3,0,0.14680050188205782,0.3845733515134776,151,239,19792
165,454,4,0,0.19294517637059092,0.44626325030717484,182,295,19792
166,558,4,0,0.23674162070428467,0.4926876912817056,216,355,19792
167,468,4,0,0.1999999999999999,0.46160861549025123,181,298,19792
168,345,3,0,0.14902807775377946,0.40287713810477815,141,227,19792
169,530,4,0,0.23194748358862136,0.4982754118280483,196,328,19792
170,653,4,0,0.28741197183098555,0.5355359551987122,248,411,19792
171,448,3,0,0.20125786163522025,0.4385043415092222,192,304,19792
172,443,3,0,0.1979445933869527,0.4441597095883722,182,293,19792
173,569,4,0,0.25804988662131584,0.555523989703712,183,325,19792
174,408,5,0,0.1848663343905753,0.43559576420736273,173,275,19792
175,273,3,0,0.12352941176470573,0.34914139695740515,123,191,19792
176,514,4,0,0.2303899596593462,0.48455034897148036,201,329,19792
177,509,4,0,0.22927927927927969,0.49798912757136676,190,317,19792
178,464,4,0,0.20900900900900904,0.46072411011591236,189,305,19792
179,448,3,0,0.1984935755427557,0.45695709472229595,171,283,19792
180,540,4,0,0.2346805736636248,0.5053076937013301,196,331,19792
181,489,3,0,0.21344391095591458,0.46475139033904733,193,315,19792
182,342,3,0,0.15006581834137764,0.3912326539545254,145,230,19792
183,442,3,0,0.19377466023673856,0.45708439092556,168,278,19792
184,556,6,0,0.2380136986301365,0.5176393391787094,209,348,19792
185,346,2,0,0.1486892995272882,0.37354101527959827,159,245,19792
186,436,4,0,0.18640444634459172,0.45907243735026515,160,269,19792
187,525,4,0,0.22292993630573255,0.4726872253572407,214,345,19792
188,484,3,0,0.20754716981132074,0.4629319066072313,190,311,19792
189,527,4,0,0.22550278134360252,0.4888132269266659,196,328,19792
190,519,7,0,0.2217948717948717,0.5254890275337264,176,306,19792
191,401,3,0,0.1729193617938767,0.41210089900169455,171,271,19792
192,385,3,0,0.16826923076923075,0.4204107898819534,153,249,19792
193,313,3,0,0.13704028021015763,0.37210343861545303,135,213,19792
194,420,4,0,0.18412976764576927,0.4485187597969728,164,269,19792
195,434,3,0,0.1944444444444443,0.4367739149280685,184,292,19792
196,417,3,0,0.18699551569506745,0.4356391373979386,168,272,19792
197,547,4,0,0.24012291483757758,0.4948805836641461,215,352,19792
198,517,4,0,0.22845779938135208,0.4871865301630826,197,326,19792
199,470,3,0,0.20506108202443266,0.4527530083098479,192,309,19792
200,564,6,0,0.24671916010498732,0.5262685595830301,201,342,19792
201,385,3,0,0.1696782723666812,0.4155667307823979,159,255,19792
202,310,3,0,0.13796172674677343,0.3793605863240727,129,206,19792
203,430,2,0,0.1900972590627765,0.43112956489462645,180,287,19792
204,325,3,0,0.14229422066549896,0.3874704167045044,135,216,19792
205,334,3,0,0.14528055676381055,0.37979673348322596,147,230,19792
206,371,2,0,0.1619380183326058,0.40246022624749017,156,249,19792
207,485,4,0,0.21299956082564822,0.48333166257291765,182,303,19792
208,565,3,0,0.25099955575299915,0.49941532526636934,218,359,19792
209,469,3,0,0.2100313479623826,0.4581477130509915,190,307,19792
210,441,3,0,0.19820224719101134,0.445598381629439,180,290,19792
211,466,3,0,0.21057388160867635,0.45793810788760175,189,305,19792
212,308,3,0,0.14134924277191374,0.3738861223941583,136,213,19792
213,322,3,0,0.14656349567592167,0.3834025563491948,139,219,19792
214,464,3,0,0.21024014499320348,0.45387850723572676,191,307,19792
215,332,3,0,0.15187557182067712,0.3812404840875882,150,233,19792
216,371,3,0,0.16994961062757674,0.41064473599605494,157,250,19792
217,409,3,0,0.18456678700361012,0.44035291824052303,163,265,19792
218,521,4,0,0.2324854975457383,0.49635953980792574,198,328,19792
219,487,3,0,0.21606033717834947,0.4595384587986308,202,324,19792
220,413,3,0,0.1839643652561247,0.4237925687551571,177,280,19792
221,399,3,0,0.17780748663101603,0.4148679150136982,172,272,19792
222,500,3,0,0.2218278615794144,0.4790720378018239,193,318,19792
223,283,2,0,0.12379702537182852,0.347523556382298,128,199,19792
224,451,3,0,0.19694323144104806,0.4454412563924666,183,296,19792
225,452,3,0,0.19798510731493715,0.43635748853135503,194,307,19792
226,402,3,0,0.17585301837270353,0.42632575386531407,165,265,19792
227,487,3,0,0.2110966623320333,0.46293490625138145,191,313,19792
228,443,3,0,0.19302832244008725,0.4494928136467478,172,283,19792
229,564,4,0,0.24618070711479664,0.5002855434375456,217,358,19792
230,559,4,0,0.24625550660792966,0.5079114815344862,207,347,19792
231,450,3,0,0.19946808510638284,0.4438489993634959,187,299,19792
232,476,3,0,0.21174377224199287,0.47510800983722284,182,301,19792
233,443,3,0,0.1961044710048695,0.4464830182958704,178,289,19792
234,348,3,0,0.1555654894948592,0.39781559722920956,147,234,19792
235,481,3,0,0.21115013169446878,0.45982027892756755,191,311,19792
236,530,4,0,0.23409893992932856,0.49295862130039597,203,335,19792
237,572,3,0,0.24967263203841067,0.5106666823565139,210,353,19792
238,502,4,0,0.21731601731601732,0.4610922311288109,207,332,19792
239,563,4,0,0.24142367066895368,0.5103302122462127,202,343,19792
240,660,4,0,0.28061224489795955,0.5475267924189329,232,397,19792
241,602,5,0,0.25198827961490144,0.5290169194223433,211,361,19792
242,435,3,0,0.1793814432989692,0.4245795202844171,180,289,19792
243,464,3,0,0.1911037891268534,0.4581037220168896,175,291,19792
244,384,3,0,0.16026711185308826,0.4179967281431487,149,245,19792
245,397,3,0,0.1663175534143276,0.41904170166523746,157,256,19792
246,589,4,0,0.24894336432798053,0.5021612311563454,228,375,19792
247,579,3,0,0.24155193992490628,0.5042148836636638,216,361,19792
248,575,5,0,0.23998330550918212,0.4984357993440405,225,369,19792
249,431,3,0,0.18239526026237862,0.4258714444825109,179,287,19792
250,595,4,0,0.248953974895398,0.49984191093804364,231,380,19792
251,598,4,0,0.2552283397353824,0.5216792225963622,221,370,19792
252,443,3,0,0.19169190826482038,0.4314881550890075,189,300,19792
253,385,3,0,0.16915641476274168,0.4097036078592648,163,259,19792
254,507,4,0,0.22217353198948298,0.49209356869533194,185,312,19792
255,458,3,0,0.1995642701525054,0.4577148255139562,178,292,19792
256,646,5,0,0.2774914089347079,0.558075669483867,219,380,19792
257,554,3,0,0.23574468085106418,0.4853746240525158,219,357,19792
258,472,3,0,0.203448275862069,0.45113646623348136,194,312,19792
259,425,3,0,0.1850239442751416,0.43495204974370266,171,277,19792
260,442,3,0,0.19284467713787082,0.4465116027547487,176,286,19792
261,533,4,0,0.2328527741371784,0.48890195194156716,210,343,19792
262,422,4,0,0.18435998252512034,0.4305834832993598,178,283,19792
263,339,2,0,0.14933920704845807,0.3815800746582407,149,234,19792
264,548,4,0,0.24151608638166633,0.5243830609854992,192,329,19792
265,558,4,0,0.24495171202809488,0.5104601696933436,207,346,19792
266,741,4,0,0.321475054229935,0.5946765376082855,242,427,19792
267,675,4,0,0.2882152006831772,0.5343616677336855,255,424,19792
268,410,3,0,0.17748917748917772,0.4168544364012919,175,277,19792
269,363,4,0,0.15970083589969236,0.41908087966511376,140,231,19792
270,374,2,0,0.16410706450197446,0.39787845958583573,164,257,19792
271,499,3,0,0.21695652173913055,0.47225717132126716,194,319,19792
272,415,3,0,0.1820974111452392,0.42083030431328644,178,282,19792
273,376,2,0,0.16549295774647899,0.3958028633037382,168,262,19792
274,393,4,0,0.17124183006535948,0.4397936628741187,148,246,19792
275,535,4,0,0.22882805816937496,0.49411469518526274,201,335,19792
276,621,3,0,0.26709677419354827,0.5178122018947308,236,391,19792
277,812,5,0,0.34969853574504756,0.6122562608788578,264,467,19792
278,505,3,0,0.2204277608031428,0.4717726400796158,198,324,19792
279,322,3,0,0.14079580236117192,0.39053978821190277,130,210,19792
280,380,3,0,0.16457340840190568,0.4044071043750473,162,257,19792
281,438,3,0,0.18782161234991415,0.4372872449733248,178,287,19792
282,429,5,0,0.18278653600340855,0.4333618142918607,180,287,19792
283,400,4,0,0.170430336599915,0.4148911182056236,169,269,19792
284,302,3,0,0.1290598290598289,0.365825234841953,129,204,19792
285,418,5,0,0.18017241379310375,0.4398674439840388,168,272,19792
286,558,3,0,0.24516695957820753,0.5028257892253021,207,346,19792
287,607,3,0,0.2647187091146977,0.52107242061448,224,376,19792
288,588,3,0,0.25778167470407715,0.506286954585375,227,374,19792
289,439,3,0,0.1949378330373001,0.4507865140521361,171,281,19792
290,433,4,0,0.19150818222025667,0.4618532105515118,163,271,19792
291,376,3,0,0.16578483245149886,0.4092365981853595,158,252,19792
292,441,5,0,0.19556541019955656,0.46470628543443515,168,278,19792
293,400,3,0,0.1804239963915202,0.44041660692458084,155,255,19792
294,405,4,0,0.18292682926829248,0.4402452968968891,160,261,19792
295,325,4,0,0.14699231117141554,0.39062978438368245,137,218,19792
296,514,3,0,0.227735932653965,0.4878595830674232,196,324,19792
297,608,5,0,0.2652705061082017,0.5146121219829138,239,391,19792
298,549,3,0,0.2419568091670337,0.5057716753157682,201,338,19792
299,603,4,0,0.26835781041388557,0.5343000182412694,211,362,19792
300,610,4,0,0.26824978012313094,0.5340856947264488,221,373,19792
301,430,4,0,0.18818380743982502,0.44044683707298754,176,283,19792
302,459,4,0,0.20220264317180603,0.46479829562104236,177,292,19792
303,533,5,0,0.23305640577175368,0.497931388266166,203,336,19792
304,421,3,0,0.18320278503046108,0.42754099799193823,176,281,19792
305,443,3,0,0.19311246730601597,0.4476284248222718,176,287,19792
306,436,5,0,0.18899003034243603,0.4626558698790283,167,276,19792
307,611,4,0,0.26234435379991367,0.5062782807120293,244,397,19792
308,705,3,0,0.3033562822719453,0.5556169646112991,252,428,19792
309,589,4,0,0.24957627118643963,0.5224910075960446,209,356,19792
310,695,5,0,0.2888611803823775,0.5607544218973596,238,412,19792
311,591,3,0,0.24707357859531734,0.5071547959506011,220,368,19792
312,426,4,0,0.1795952782462056,0.4525071502086196,157,263,19792
313,591,4,0,0.24563591022443942,0.5206062262894027,210,358,19792
314,441,3,0,0.18230673832162103,0.4249277311202533,186,296,19792
315,520,3,0,0.2152317880794703,0.4755206235656912,197,327,19792
316,470,4,0,0.19341563786008248,0.4569100986952835,185,302,19792
317,450,4,0,0.18322475570032606,0.4447241575945808,175,287,19792
318,683,3,0,0.27957429390094046,0.5284884713977693,254,425,19792
319,564,4,0,0.23209876543209923,0.49079475976308906,215,356,19792
320,567,4,0,0.23429752066115683,0.5046920425232869,206,348,19792
321,664,5,0,0.2782900251466884,0.5437718349754985,236,402,19792
322,453,4,0,0.19186785260482833,0.4481997241176721,183,296,19792
323,382,3,0,0.16193302246714741,0.4190853896168516,151,246,19792
324,520,3,0,0.22260273972602754,0.47473494254298454,208,338,19792
325,404,3,0,0.17781690140845047,0.4280777242680642,163,264,19792
326,457,4,0,0.1995633187772929,0.44525534386482285,191,305,19792
327,518,5,0,0.2309407044137316,0.4761823704389938,213,342,19792
328,438,3,0,0.19747520288548254,0.44827432416443197,179,288,19792
329,627,4,0,0.28154467894027835,0.533879782235482,228,385,19792
330,510,3,0,0.23277042446371543,0.48128779091305285,206,333,19792
331,522,4,0,0.23792160437556953,0.48685639405689884,208,338,19792
332,475,3,0,0.21610555050045513,0.4597350682291045,198,317,19792
333,324,3,0,0.14774281805745557,0.39507190451825724,133,214,19792
334,369,3,0,0.1674988651838401,0.41497453975015725,154,246,19792
335,362,3,0,0.1651459854014599,0.40659620215164344,153,243,19792
336,491,4,0,0.22117117117117122,0.4758261499654746,191,314,19792
337,610,4,0,0.2762681159420284,0.5524081027200594,204,356,19792
338,432,3,0,0.19225634178905238,0.43497231790156893,181,289,19792
339,547,4,0,0.24118165784832465,0.496602321309719,214,351,19792
340,569,3,0,0.24901531728665238,0.49041169151370584,227,369,19792
341,473,3,0,0.2034408602150539,0.4394354034474759,202,320,19792
342,394,2,0,0.16946236559139793,0.4007479173606871,175,273,19792
343,348,4,0,0.15091066782307003,0.3981971778530571,146,233,19792
344,329,3,0,0.1442982456140352,0.37909726100435115,143,225,19792
345,357,3,0,0.15644171779141094,0.40554589551155806,146,235,19792
346,454,3,0,0.19894829097283076,0.4518351085534374,182,295,19792
347,656,4,0,0.28202923473774677,0.536411341926243,240,404,19792
348,641,4,0,0.2714951291825489,0.5340013736230929,238,398,19792
349,585,4,0,0.25280898876404506,0.5173625043476766,219,365,19792
350,606,4,0,0.258532423208191,0.5336837376713083,215,366,19792
351,569,3,0,0.24610726643598665,0.503971662246006,211,353,19792
352,388,3,0,0.17062445030782775,0.4076898925870309,168,265,19792
353,329,3,0,0.1454465075154729,0.38385604877028506,140,222,19792
354,418,3,0,0.18438464931627718,0.44111670085286164,164,268,19792
355,433,4,0,0.18941382327209103,0.4511031043256605,169,277,19792
356,362,3,0,0.15677782589865744,0.3956251371489744,155,245,19792
357,521,3,0,0.22456896551724123,0.4798661094012858,201,331,19792
358,732,5,0,0.31923244657653727,0.5864682091494144,248,431,19792
359,780,4,0,0.33986928104575137,0.601111278636833,260,455,19792
360,607,5,0,0.2590695689287236,0.5347628394671046,215,367,19792
361,589,3,0,0.2502124044180123,0.5221913085929252,206,353,19792
362,460,3,0,0.19549511262218458,0.4451516252583503,185,300,19792
363,384,3,0,0.16466552315608923,0.39449691507687873,173,269,19792
364,408,3,0,0.1742100768573868,0.4250397818616111,167,269,19792
365,569,4,0,0.24171622769753567,0.5163964626179955,199,341,19792
366,444,3,0,0.187896741430385,0.43384241472561086,184,295,19792
367,372,3,0,0.1582978723404257,0.400676945002903,158,251,19792
368,543,3,0,0.23047538200339548,0.4919098650334875,199,335,19792
369,689,3,0,0.29170194750211725,0.5437322813700826,251,423,19792
370,590,3,0,0.250743731406714,0.5092933940807284,223,370,19792
371,500,4,0,0.21710811984368286,0.47227472349914484,197,322,19792
372,524,3,0,0.2320637732506654,0.4929267447880667,197,328,19792
373,478,4,0,0.213392857142857,0.4883631154255349,171,290,19792
374,451,3,0,0.19746059544658476,0.43898165488066265,191,304,19792
375,546,4,0,0.2355478861087145,0.5060662878447677,197,333,19792
376,623,4,0,0.26749677973379127,0.5382090968052801,221,377,19792
377,401,4,0,0.17427205562798803,0.42072241478364497,168,268,19792
378,399,3,0,0.17310195227765748,0.4259040227128959,159,259,19792
379,444,4,0,0.19229103508012133,0.4515632295377348,175,286,19792
380,476,4,0,0.20932277924362364,0.46541749376446445,190,309,19792
381,486,4,0,0.21783953384132662,0.47452122982797174,190,311,19792
382,430,3,0,0.19222172552525693,0.44528169312941457,174,281,19792
383,555,4,0,0.2444933920704853,0.5173525545197231,198,337,19792
384,483,4,0,0.2111937035417579,0.4737157161187195,188,309,19792
385,438,3,0,0.19278169014084515,0.433901138540285,186,295,19792
386,637,4,0,0.28074041427941837,0.5435887169244341,226,385,19792
387,540,3,0,0.24000000000000005,0.4919991251750013,210,345,19792
388,411,5,0,0.1827478879502001,0.44735810989976543,157,260,19792
389,325,3,0,0.14450867052023136,0.39006494239891343,133,214,19792
390,312,3,0,0.14003590664272872,0.3839557284431911,129,207,19792
391,410,4,0,0.18535262206148279,0.4420284566290152,165,267,19792
392,424,3,0,0.19150858175248398,0.45233758539385155,166,272,19792
393,463,4,0,0.20808988764044942,0.4687416100076361,178,294,19792
394,573,3,0,0.25626118067978637,0.5103678295732441,216,359,19792
395,393,3,0,0.17806977797915705,0.40788832025633925,176,274,19792
396,444,3,0,0.20246238030095748,0.44296338635870136,186,297,19792
397,552,3,0,0.2496607869742203,0.4962243168822574,216,354,19792
398,509,4,0,0.23273891175125713,0.5063801057414006,182,309,19792
399,367,3,0,0.16727438468550584,0.4071915651561875,156,248,19792
400,316,4,0,0.14522058823529407,0.3966006672327892,129,208,19792
401,346,3,0,0.15937356057116525,0.4111671305395388,139,225,19792
402,526,4,0,0.23941738734638118,0.5103957776503079,194,325,19792
403,543,4,0,0.2491968793024321,0.5060180051651539,206,342,19792
404,542,3,0,0.24988473951129553,0.49562777999521695,214,349,19792
405,567,3,0,0.26080956761729557,0.49531675806922126,231,373,19792
406,351,3,0,0.16302833255921967,0.4031572972836124,150,238,19792
407,487,5,0,0.22411412793373212,0.48068418267063767,193,315,19792
408,486,4,0,0.22396313364055273,0.4873474827565478,183,304,19792
409,454,3,0,0.20863970588235298,0.4473562562583897,193,306,19792
410,385,3,0,0.1789865178986517,0.4115146105569879,171,267,19792
411,423,3,0,0.194661757938334,0.44528327958227326,170,276,19792
412,491,3,0,0.2213706041478812,0.48537800295960537,183,306,19792
413,658,4,0,0.29115044247787614,0.5576237324800987,229,393,19792
414,563,4,0,0.24446374294398684,0.5068457991189307,215,356,19792
415,582,4,0,0.2505380972879904,0.5015852678811233,229,374,19792
416,499,4,0,0.21434707903780054,0.457962457181181,206,331,19792
417,498,4,0,0.21263877028181055,0.48121743853725174,188,312,19792
418,447,3,0,0.18948707079270907,0.43211773094765105,187,299,19792
419,538,4,0,0.22913117546848377,0.48087737045822176,214,348,19792
420,396,3,0,0.17054263565891506,0.40699671160442535,174,273,19792
421,415,3,0,0.17895644674428618,0.42603630676922044,173,277,19792
422,430,3,0,0.18566493955095037,0.4370350110242285,174,281,19792
423,510,3,0,0.22145028224055588,0.4936875007710851,183,310,19792
424,586,4,0,0.2587196467991178,0.4957372561240648,242,388,19792
425,542,3,0,0.24535989135355385,0.4876253735506628,220,355,19792
426,526,3,0,0.23941738734638185,0.478150302111947,217,348,19792
427,518,6,0,0.24081822408182282,0.5118394369992685,191,320,19792
428,549,3,0,0.25428439092172384,0.4999526712465385,216,353,19792
429,539,4,0,0.25436526663520515,0.5187227000148369,195,330,19792
430,536,3,0,0.2511715089034677,0.4915469573344589,218,352,19792
431,353,3,0,0.1660395108184385,0.40722189510133733,151,239,19792
432,450,4,0,0.21166509877704598,0.47365944854943554,172,284,19792
433,496,4,0,0.23374175306314798,0.48749767125771637,193,317,19792
434,424,4,0,0.19896762083528863,0.45120481840620447,172,278,19792
435,558,4,0,0.26148078725398294,0.5187952255320234,209,348,19792
436,492,4,0,0.2313117066290543,0.48698712816689255,193,316,19792
437,442,4,0,0.20644558617468467,0.47100561087138965,171,281,19792
438,565,3,0,0.26328052190121165,0.5055618421938421,222,363,19792
439,567,4,0,0.26359832635983244,0.5128759535204624,217,359,19792
440,623,4,0,0.28696453247351456,0.5540887384506915,217,373,19792
441,408,3,0,0.18932714617169397,0.43880616103775644,166,268,19792
442,423,3,0,0.1963788300835655,0.44373732353345413,174,280,19792
443,632,4,0,0.2929995363931387,0.588552000136223,194,352,19792
444,457,4,0,0.20953690967446167,0.4737328013768457,178,292,19792
445,462,4,0,0.21359223300970887,0.46690687483039167,186,301,19792
446,556,3,0,0.2558674643350198,0.5003395209270725,218,357,19792
447,443,3,0,0.20518758684576188,0.45466478247622694,179,290,19792
448,471,4,0,0.21825764596848896,0.49108918747524444,171,289,19792
449,592,4,0,0.27281105990783416,0.5173325261533548,233,381,19792
450,529,4,0,0.24570366929865348,0.5014026603047625,202,334,19792
451,565,3,0,0.26364909006066306,0.5131502566127033,218,359,19792
452,357,5,0,0.16879432624113452,0.4199047204242716,148,237,19792
453,516,4,0,0.24134705332086084,0.5042936471799656,190,319,19792
454,626,4,0,0.2912982782689627,0.5558422056993324,220,376,19792
455,487,6,0,0.22939236928874213,0.4908617881628276,193,315,19792
456,488,3,0,0.228893058161351,0.4816190567474177,192,314,19792
457,535,3,0,0.2510558423275458,0.49914721847012455,211,345,19792
458,482,4,0,0.2275731822474034,0.48321359993621904,190,310,19792
459,457,3,0,0.21485660554771985,0.4645527751865596,181,295,19792
460,482,3,0,0.22919638611507395,0.4695926843523112,197,317,19792
461,465,3,0,0.22388059701492535,0.469131696175481,189,305,19792
462,399,3,0,0.19387755102040813,0.44297731858985057,161,261,19792
463,355,3,0,0.17258142926592115,0.41829140642151463,148,237,19792
464,510,3,0,0.2493887530562355,0.4959778220558779,202,329,19792
465,564,3,0,0.28313253012048134,0.5304931951888374,211,352,19792
466,447,4,0,0.22383575363044583,0.46573224293343785,186,298,19792
467,405,3,0,0.20413306451612925,0.46800081724015424,155,256,19792
468,537,5,0,0.2741194486983162,0.5394535577648836,195,329,19792
469,458,3,0,0.23755186721991686,0.4817377108033005,182,296,19792
470,476,3,0,0.2510548523206755,0.49402652888043974,189,308,19792
471,316,3,0,0.1680851063829786,0.4041331871885989,139,218,19792
472,354,2,0,0.19001610305958136,0.4201773828254931,157,245,19792
473,410,3,0,0.22318998366902548,0.4830978165743677,159,261,19792
474,360,3,0,0.19417475728155328,0.43217661398616375,156,246,19792
475,578,4,0,0.30991957104557627,0.5639693436405385,208,352,19792
476,401,3,0,0.21876704855428275,0.4538015152525251,171,271,19792
477,354,5,0,0.19721448467966557,0.4480765733896647,148,236,19792
478,383,3,0,0.21541057367829006,0.4663691036558947,152,248,19792
479,558,4,0,0.31155778894472425,0.5623925117753882,201,340,19792
480,429,3,0,0.24033613445378152,0.4816683207926668,173,280,19792
481,441,4,0,0.2454090150250422,0.49539900027477823,175,285,19792
482,228,2,0,0.12773109243697467,0.3438092068248271,109,166,19792
483,426,3,0,0.23798882681564226,0.497403408510027,162,268,19792
484,533,4,0,0.29726715002788595,0.5602916018905424,189,322,19792
485,450,3,0,0.249169435215947,0.5025551080725029,174,286,19792
486,502,3,0,0.27461706783369744,0.5040298641617139,207,332,19792
487,345,3,0,0.1922005571030641,0.42933850742430063,148,234,19792
488,275,4,0,0.15598411798071507,0.40855241777244367,113,182,19792
489,371,3,0,0.20972300734878457,0.44947981766659273,156,249,19792
490,592,4,0,0.33674630261661015,0.5678976941636645,223,371,19792
491,384,4,0,0.22222222222222215,0.4632821820828812,162,258,19792
492,347,3,0,0.20716417910447754,0.4433997779800433,150,237,19792
493,336,3,0,0.2001191185229301,0.4426326970695631,141,225,19792
494,597,4,0,0.3497363796133567,0.6154551977616499,198,347,19792
495,447,3,0,0.2618629173989459,0.49258706237848693,189,301,19792
496,482,5,0,0.28554502369668266,0.5201154051970538,195,315,19792
497,376,3,0,0.22871046228710465,0.46548874581154603,159,253,19792
498,309,4,0,0.1885295912141548,0.43695608527725366,127,204,19792
499,259,2,0,0.15783059110298583,0.3920878113011548,113,178,19792
500,482,3,0,0.2887956860395452,0.5468464636015867,174,294,19792
501,410,3,0,0.2540272614622055,0.4788449776133737,175,277,19792
502,341,2,0,0.2116697703289881,0.4463938379754958,145,230,19792
503,343,3,0,0.21987179487179484,0.44991908214033977,150,236,19792
504,449,4,0,0.2838179519595453,0.5414891148132197,167,279,19792
505,486,3,0,0.30857142857142905,0.5239100658745784,202,323,19792
506,313,3,0,0.21148648648648657,0.45098099797437263,132,210,19792
507,352,3,0,0.23848238482384812,0.4672706184599403,151,239,19792
508,307,2,0,0.21438547486033532,0.4495386712216692,130,207,19792
509,309,3,0,0.2188385269121815,0.45442847742450687,131,208,19792
510,247,3,0,0.17693409742120345,0.40894766421818274,111,173,19792
511,440,3,0,0.3087719298245609,0.5207359952409691,183,293,19792
512,267,2,0,0.20617760617760608,0.44125591724741425,114,181,19792
513,281,3,0,0.21565617805065235,0.4557202684859249,118,188,19792
514,337,4,0,0.26023166023166033,0.5059933918521984,134,218,19792
515,382,3,0,0.29937304075235144,0.5176413312229583,158,253,19792
516,314,2,0,0.262981574539364,0.4908413373345935,130,208,19792
517,207,2,0,0.17677198975234837,0.39484736650848656,98,150,19792
518,252,3,0,0.218370883882149,0.4590522848510526,106,169,19792
519,222,3,0,0.19611307420494706,0.41889807188619904,103,158,19792
520,242,3,0,0.2168458781362009,0.4416878526570417,109,169,19792
521,238,3,0,0.2243166823751178,0.45205258250950325,105,164,19792
522,318,4,0,0.3054755043227664,0.5378543461911338,126,205,19792
523,138,2,0,0.13911290322580658,0.3633047375770821,64,98,19792
524,205,3,0,0.20644511581067465,0.4407182911521374,89,140,19792
525,299,3,0,0.31673728813559326,0.5333973933809547,123,198,19792
526,252,3,0,0.2806236080178171,0.49217154786731726,111,174,19792
527,189,2,0,0.22366863905325435,0.4471163891262304,84,131,19792
528,147,2,0,0.17710843373493976,0.39746643384382246,69,106,19792
529,165,2,0,0.2052238805970148,0.4280600912493646,75,116,19792
530,127,2,0,0.16219667943805863,0.3824825050098057,60,92,19792
531,169,2,0,0.22236842105263158,0.44071408225204645,77,119,19792
532,182,3,0,0.25242718446601936,0.48312963010169535,78,123,19792
533,154,2,0,0.22547584187408484,0.43873438405574344,72,110,19792
534,114,3,0,0.17538461538461525,0.41912329410847077,49,77,19792
535,160,3,0,0.2457757296466974,0.4652143976483044,72,112,19792
536,163,2,0,0.26677577741407527,0.47133495152286203,74,115,19792
537,143,3,0,0.24783362218370855,0.4593923220992021,66,102,19792
538,103,2,0,0.1947069943289225,0.4057941605389384,50,76,19792
539,91,2,0,0.17399617590822167,0.38448439871978085,45,68,19792
540,101,2,0,0.2024048096192385,0.4169046249709911,48,73,19792
541,94,2,0,0.19789473684210532,0.4194578949133654,44,67,19792
542,84,2,0,0.18666666666666656,0.4122835532556178,39,60,19792
543,99,2,0,0.2234762979683973,0.4330149133239223,47,72,19792
544,91,2,0,0.22807017543859645,0.4600786857409119,39,62,19792
545,66,2,0,0.17232375979112272,0.3983823042634109,31,47,19792
546,97,3,0,0.2559366754617413,0.47189290799323813,44,68,19792
547,68,3,0,0.2048192771084337,0.44678201243596855,30,47,19792
548,64,2,0,0.20189274447949535,0.4098427621974943,32,48,19792
549,36,1,0,0.13138686131386862,0.33844112030699625,19,28,19792
550,59,2,0,0.21611721611721615,0.4298130760313318,28,43,19792
551,49,1,0,0.19444444444444448,0.39656002003596524,25,37,19792
552,62,2,0,0.2450592885375494,0.4663533136341878,28,43,19792
553,43,2,0,0.18454935622317598,0.41034246463925894,20,31,19792
554,32,1,0,0.1434977578475336,0.3513684428809845,17,25,19792
555,46,2,0,0.21495327102803735,0.44464550174188994,21,32,19792
556,45,2,0,0.23195876288659795,0.44699257374702545,21,32,19792
557,54,3,0,0.2887700534759359,0.4994966127964815,25,38,19792
558,17,1,0,0.10240963855421686,0.30410361217328247,9,13,19792
559,19,1,0,0.1144578313253012,0.31932980201266864,10,15,19792
560,18,1,0,0.11612903225806452,0.3214180978603635,10,14,19792
561,42,1,0,0.27814569536423844,0.4495766956794059,22,32,19792
562,17,1,0,0.1259259259259259,0.3330014931979796,9,13,19792
563,30,2,0,0.24,0.4648967974271973,14,21,19792
564,16,1,0,0.1584158415841584,0.3669515844720317,9,13,19792
565,11,1,0,0.11458333333333333,0.32019045867196194,6,9,19792
566,27,1,0,0.29347826086956535,0.4578507717505198,14,21,19792
567,22,1,0,0.2619047619047619,0.4423117697549976,12,17,19792
568,24,1,0,0.3076923076923077,0.46452579668325816,13,19,19792
569,10,1,0,0.14084507042253525,0.35033757793172354,6,8,19792
570,8,1,0,0.1111111111111111,0.31647510885169416,5,7,19792
571,24,1,0,0.32,0.4696174406264535,13,19,19792
572,18,1,0,0.27692307692307694,0.45096051336606474,10,14,19792
573,2,1,0,0.03278688524590164,0.17955622283415837,2,2,19792
574,7,1,0,0.11290322580645161,0.31905797354278237,4,6,19792
575,8,1,0,0.13793103448275865,0.3478392380269825,5,7,19792
576,9,1,0,0.15789473684210525,0.36788360369097944,5,7,19792
577,9,1,0,0.1666666666666667,0.3761773969316394,5,7,19792
578,11,1,0,0.21568627450980393,0.41539020162714857,6,9,19792
579,14,1,0,0.3181818181818182,0.4711552981879444,8,11,19792
580,4,1,0,0.10526315789473684,0.31101174777590485,3,4,19792
581,7,1,0,0.1891891891891892,0.39706127695565796,4,6,19792
582,16,1,0,0.43243243243243246,0.5022472023339227,9,13,19792
583,3,1,0,0.12,0.33166247903553997,2,3,19792
584,4,1,0,0.16,0.37416573867739406,3,4,19792
585,4,1,0,0.16666666666666666,0.3806934938134404,3,4,19792
586,4,1,0,0.19047619047619047,0.4023739080814782,3,4,19792
587,2,1,0,0.10526315789473684,0.3153017676423057,2,2,19792
588,4,1,0,0.2222222222222222,0.4277926319464986,3,4,19792
589,4,1,0,0.2857142857142857,0.4688072309384954,3,4,19792
590,2,1,0,0.15384615384615385,0.37553380809940534,2,2,19792
591,4,1,0,0.36363636363636365,0.504524979109513,3,4,19792
592,4,1,0,0.4444444444444444,0.5270462766947299,3,4,19792
593,1,1,0,0.14285714285714285,0.3779644730092273,1,1,19792
594,2,1,0,0.3333333333333333,0.5163977794943223,2,2,19792
595,2,1,0,0.5,0.5773502691896257,2,2,19792
596,1,1,0,0.5,0.7071067811865476,1,1,19792
597,1,1,1,1.0,0.0,1,1,19792
