Epoch,Event Count
0,2,0,0,
0,2,0,0,
0,2,0,0,
0,1,0,
0,1,0,
0,1,0,
0,1,0,
0,1,0,
0,1,0,
0,1,0,
1,3,1,1,1,
1,3,1,1,1,
1,3,1,1,1,
1,3,1,1,1,
1,3,1,1,1,
1,2,1,1,
1,2,1,1,
1,2,1,1,
1,2,1,1,
1,2,1,1,
2,3,2,2,2,
2,3,2,2,2,
2,2,2,2,
2,2,2,2,
2,2,2,2,
2,2,2,2,
2,2,2,2,
2,2,2,2,
2,2,2,2,
2,2,2,2,
3,4,3,3,3,3,
3,3,3,3,3,
3,3,3,3,3,
3,3,3,3,3,
3,3,3,3,3,
3,3,3,3,3,
3,2,3,3,
3,2,3,3,
3,2,3,3,
3,2,3,3,
4,4,4,4,4,4,
4,3,4,4,4,
4,3,4,4,4,
4,3,4,4,4,
4,3,4,4,4,
4,3,4,4,4,
4,3,4,4,4,
4,2,4,4,
4,2,4,4,
4,2,4,4,
5,4,5,5,5,5,
5,3,5,5,5,
5,3,5,5,5,
5,3,5,5,5,
5,3,5,5,5,
5,3,5,5,5,
5,3,5,5,5,
5,3,5,5,5,
5,3,5,5,5,
5,2,5,5,
6,3,6,6,6,
6,3,6,6,6,
6,3,6,6,6,
6,3,6,6,6,
6,3,6,6,6,
6,2,6,6,
6,2,6,6,
6,2,6,6,
6,2,6,6,
6,2,6,6,
7,3,7,7,7,
7,3,7,7,7,
7,3,7,7,7,
7,3,7,7,7,
7,3,7,7,7,
7,3,7,7,7,
7,3,7,7,7,
7,3,7,7,7,
7,3,7,7,7,
7,3,7,7,7,
8,4,8,8,8,8,
8,4,8,8,8,8,
8,4,8,8,8,8,
8,3,8,8,8,
8,3,8,8,8,
8,3,8,8,8,
8,3,8,8,8,
8,3,8,8,8,
8,3,8,8,8,
8,3,8,8,8,
9,4,9,9,9,9,
9,3,9,9,9,
9,3,9,9,9,
9,3,9,9,9,
9,3,9,9,9,
9,3,9,9,9,
9,3,9,9,9,
9,3,9,9,9,
9,2,9,9,
9,2,9,9,
10,3,10,10,10,
10,3,10,10,10,
10,3,10,10,10,
10,3,10,10,10,
10,3,10,10,10,
10,3,10,10,10,
10,2,10,10,
10,2,10,10,
10,2,10,10,
10,2,10,10,
11,3,11,11,11,
11,3,11,11,11,
11,3,11,11,11,
11,2,11,11,
11,2,11,11,
11,2,11,11,
11,2,11,11,
11,2,11,11,
11,2,11,11,
11,2,11,11,
12,3,12,12,12,
12,2,12,12,
12,2,12,12,
12,2,12,12,
12,2,12,12,
12,2,12,12,
12,2,12,12,
12,2,12,12,
12,2,12,12,
12,2,12,12,
13,3,13,13,13,
13,3,13,13,13,
13,3,13,13,13,
13,3,13,13,13,
13,3,13,13,13,
13,2,13,13,
13,2,13,13,
13,2,13,13,
13,2,13,13,
13,2,13,13,
14,5,14,14,14,14,14,
14,4,14,14,14,14,
14,3,14,14,14,
14,3,14,14,14,
14,3,14,14,14,
14,3,14,14,14,
14,2,14,14,
14,2,14,14,
14,2,14,14,
14,2,14,14,
15,4,15,15,15,15,
15,3,15,15,15,
15,3,15,15,15,
15,3,15,15,15,
15,3,15,15,15,
15,3,15,15,15,
15,2,15,15,
15,2,15,15,
15,2,15,15,
15,2,15,15,
16,3,16,16,16,
16,3,16,16,16,
16,2,16,16,
16,2,16,16,
16,2,16,16,
16,2,16,16,
16,2,16,16,
16,2,16,16,
16,2,16,16,
16,2,16,16,
17,2,17,17,
17,2,17,17,
17,2,17,17,
17,2,17,17,
17,2,17,17,
17,2,17,17,
17,2,17,17,
17,2,17,17,
17,2,17,17,
17,2,17,17,
18,4,18,18,18,18,
18,2,18,18,
18,2,18,18,
18,2,18,18,
18,2,18,18,
18,2,18,18,
18,2,18,18,
18,2,18,18,
18,2,18,18,
18,2,18,18,
19,3,19,19,19,
19,3,19,19,19,
19,2,19,19,
19,2,19,19,
19,2,19,19,
19,2,19,19,
19,2,19,19,
19,2,19,19,
19,2,19,19,
19,2,19,19,
20,3,20,20,20,
20,3,20,20,20,
20,3,20,20,20,
20,3,20,20,20,
20,2,20,20,
20,2,20,20,
20,2,20,20,
20,2,20,20,
20,2,20,20,
20,2,20,20,
21,2,21,21,
21,2,21,21,
21,2,21,21,
21,2,21,21,
21,2,21,21,
21,2,21,21,
21,2,21,21,
21,2,21,21,
21,2,21,21,
21,2,21,21,
22,4,22,22,22,22,
22,4,22,22,22,22,
22,3,22,22,22,
22,3,22,22,22,
22,3,22,22,22,
22,3,22,22,22,
22,3,22,22,22,
22,2,22,22,
22,2,22,22,
22,2,22,22,
23,4,23,23,23,23,
23,4,23,23,23,23,
23,3,23,23,23,
23,3,23,23,23,
23,3,23,23,23,
23,3,23,23,23,
23,3,23,23,23,
23,3,23,23,23,
23,3,23,23,23,
23,3,23,23,23,
24,4,24,24,24,24,
24,4,24,24,24,24,
24,4,24,24,24,24,
24,3,24,24,24,
24,3,24,24,24,
24,3,24,24,24,
24,3,24,24,24,
24,3,24,24,24,
24,3,24,24,24,
24,3,24,24,24,
25,5,25,25,25,25,25,
25,4,25,25,25,25,
25,4,25,25,25,25,
25,3,25,25,25,
25,3,25,25,25,
25,3,25,25,25,
25,3,25,25,25,
25,3,25,25,25,
25,3,25,25,25,
25,3,25,25,25,
26,4,26,26,26,26,
26,4,26,26,26,26,
26,4,26,26,26,26,
26,3,26,26,26,
26,3,26,26,26,
26,3,26,26,26,
26,3,26,26,26,
26,3,26,26,26,
26,3,26,26,26,
26,3,26,26,26,
27,5,27,27,27,27,27,
27,4,27,27,27,27,
27,4,27,27,27,27,
27,4,27,27,27,27,
27,4,27,27,27,27,
27,3,27,27,27,
27,3,27,27,27,
27,3,27,27,27,
27,3,27,27,27,
27,3,27,27,27,
28,4,28,28,28,28,
28,4,28,28,28,28,
28,4,28,28,28,28,
28,3,28,28,28,
28,3,28,28,28,
28,3,28,28,28,
28,3,28,28,28,
28,3,28,28,28,
28,3,28,28,28,
28,3,28,28,28,
29,5,29,29,29,29,29,
29,4,29,29,29,29,
29,3,29,29,29,
29,3,29,29,29,
29,3,29,29,29,
29,3,29,29,29,
29,3,29,29,29,
29,3,29,29,29,
29,3,29,29,29,
29,3,29,29,29,
30,4,30,30,30,30,
30,4,30,30,30,30,
30,3,30,30,30,
30,3,30,30,30,
30,3,30,30,30,
30,3,30,30,30,
30,3,30,30,30,
30,3,30,30,30,
30,3,30,30,30,
30,3,30,30,30,
31,4,31,31,31,31,
31,3,31,31,31,
31,3,31,31,31,
31,3,31,31,31,
31,3,31,31,31,
31,3,31,31,31,
31,2,31,31,
31,2,31,31,
31,2,31,31,
31,2,31,31,
32,2,32,32,
32,2,32,32,
32,2,32,32,
32,2,32,32,
32,2,32,32,
32,2,32,32,
32,2,32,32,
32,2,32,32,
32,2,32,32,
32,2,32,32,
33,4,33,33,33,33,
33,3,33,33,33,
33,2,33,33,
33,2,33,33,
33,2,33,33,
33,2,33,33,
33,2,33,33,
33,2,33,33,
33,2,33,33,
33,2,33,33,
34,3,34,34,34,
34,2,34,34,
34,2,34,34,
34,2,34,34,
34,2,34,34,
34,2,34,34,
34,2,34,34,
34,2,34,34,
34,2,34,34,
34,2,34,34,
35,4,35,35,35,35,
35,3,35,35,35,
35,3,35,35,35,
35,3,35,35,35,
35,3,35,35,35,
35,3,35,35,35,
35,3,35,35,35,
35,3,35,35,35,
35,2,35,35,
35,2,35,35,
36,4,36,36,36,36,
36,3,36,36,36,
36,3,36,36,36,
36,3,36,36,36,
36,3,36,36,36,
36,2,36,36,
36,2,36,36,
36,2,36,36,
36,2,36,36,
36,2,36,36,
37,4,37,37,37,37,
37,4,37,37,37,37,
37,3,37,37,37,
37,3,37,37,37,
37,3,37,37,37,
37,3,37,37,37,
37,3,37,37,37,
37,3,37,37,37,
37,3,37,37,37,
37,3,37,37,37,
38,4,38,38,38,38,
38,4,38,38,38,38,
38,3,38,38,38,
38,3,38,38,38,
38,3,38,38,38,
38,3,38,38,38,
38,3,38,38,38,
38,3,38,38,38,
38,3,38,38,38,
38,2,38,38,
39,4,39,39,39,39,
39,3,39,39,39,
39,3,39,39,39,
39,3,39,39,39,
39,2,39,39,
39,2,39,39,
39,2,39,39,
39,2,39,39,
39,2,39,39,
39,2,39,39,
40,3,40,40,40,
40,3,40,40,40,
40,3,40,40,40,
40,3,40,40,40,
40,3,40,40,40,
40,3,40,40,40,
40,2,40,40,
40,2,40,40,
40,2,40,40,
40,2,40,40,
41,3,41,41,41,
41,3,41,41,41,
41,3,41,41,41,
41,3,41,41,41,
41,3,41,41,41,
41,3,41,41,41,
41,3,41,41,41,
41,2,41,41,
41,2,41,41,
41,2,41,41,
42,3,42,42,42,
42,3,42,42,42,
42,3,42,42,42,
42,3,42,42,42,
42,2,42,42,
42,2,42,42,
42,2,42,42,
42,2,42,42,
42,2,42,42,
42,2,42,42,
43,4,43,43,43,43,
43,4,43,43,43,43,
43,3,43,43,43,
43,3,43,43,43,
43,3,43,43,43,
43,3,43,43,43,
43,3,43,43,43,
43,3,43,43,43,
43,2,43,43,
43,2,43,43,
44,3,44,44,44,
44,3,44,44,44,
44,3,44,44,44,
44,3,44,44,44,
44,3,44,44,44,
44,3,44,44,44,
44,2,44,44,
44,2,44,44,
44,2,44,44,
44,2,44,44,
45,4,45,45,45,45,
45,4,45,45,45,45,
45,3,45,45,45,
45,3,45,45,45,
45,3,45,45,45,
45,3,45,45,45,
45,3,45,45,45,
45,3,45,45,45,
45,3,45,45,45,
45,2,45,45,
46,4,46,46,46,46,
46,4,46,46,46,46,
46,3,46,46,46,
46,3,46,46,46,
46,3,46,46,46,
46,3,46,46,46,
46,3,46,46,46,
46,3,46,46,46,
46,3,46,46,46,
46,3,46,46,46,
47,4,47,47,47,47,
47,3,47,47,47,
47,3,47,47,47,
47,3,47,47,47,
47,3,47,47,47,
47,3,47,47,47,
47,3,47,47,47,
47,3,47,47,47,
47,3,47,47,47,
47,3,47,47,47,
48,3,48,48,48,
48,3,48,48,48,
48,3,48,48,48,
48,3,48,48,48,
48,2,48,48,
48,2,48,48,
48,2,48,48,
48,2,48,48,
48,2,48,48,
48,2,48,48,
49,3,49,49,49,
49,3,49,49,49,
49,2,49,49,
49,2,49,49,
49,2,49,49,
49,2,49,49,
49,2,49,49,
49,2,49,49,
49,2,49,49,
49,2,49,49,
50,3,50,50,50,
50,3,50,50,50,
50,3,50,50,50,
50,3,50,50,50,
50,3,50,50,50,
50,3,50,50,50,
50,2,50,50,
50,2,50,50,
50,2,50,50,
50,2,50,50,
51,4,51,51,51,51,
51,3,51,51,51,
51,3,51,51,51,
51,3,51,51,51,
51,3,51,51,51,
51,3,51,51,51,
51,3,51,51,51,
51,3,51,51,51,
51,3,51,51,51,
51,2,51,51,
52,3,52,52,52,
52,3,52,52,52,
52,3,52,52,52,
52,3,52,52,52,
52,3,52,52,52,
52,3,52,52,52,
52,3,52,52,52,
52,3,52,52,52,
52,2,52,52,
52,2,52,52,
53,3,53,53,53,
53,3,53,53,53,
53,3,53,53,53,
53,3,53,53,53,
53,2,53,53,
53,2,53,53,
53,2,53,53,
53,2,53,53,
53,2,53,53,
53,2,53,53,
54,3,54,54,54,
54,3,54,54,54,
54,2,54,54,
54,2,54,54,
54,2,54,54,
54,2,54,54,
54,2,54,54,
54,2,54,54,
54,2,54,54,
54,2,54,54,
55,3,55,55,55,
55,2,55,55,
55,2,55,55,
55,2,55,55,
55,2,55,55,
55,2,55,55,
55,2,55,55,
55,2,55,55,
55,2,55,55,
55,2,55,55,
56,3,56,56,56,
56,3,56,56,56,
56,2,56,56,
56,2,56,56,
56,2,56,56,
56,2,56,56,
56,2,56,56,
56,2,56,56,
56,2,56,56,
56,2,56,56,
57,3,57,57,57,
57,3,57,57,57,
57,3,57,57,57,
57,2,57,57,
57,2,57,57,
57,2,57,57,
57,2,57,57,
57,2,57,57,
57,2,57,57,
57,2,57,57,
58,4,58,58,58,58,
58,3,58,58,58,
58,3,58,58,58,
58,3,58,58,58,
58,2,58,58,
58,2,58,58,
58,2,58,58,
58,2,58,58,
58,2,58,58,
58,2,58,58,
59,3,59,59,59,
59,3,59,59,59,
59,3,59,59,59,
59,3,59,59,59,
59,3,59,59,59,
59,3,59,59,59,
59,2,59,59,
59,2,59,59,
59,2,59,59,
59,2,59,59,
60,3,60,60,60,
60,3,60,60,60,
60,3,60,60,60,
60,3,60,60,60,
60,3,60,60,60,
60,3,60,60,60,
60,2,60,60,
60,2,60,60,
60,2,60,60,
60,2,60,60,
61,4,61,61,61,61,
61,3,61,61,61,
61,3,61,61,61,
61,3,61,61,61,
61,3,61,61,61,
61,3,61,61,61,
61,3,61,61,61,
61,3,61,61,61,
61,3,61,61,61,
61,3,61,61,61,
62,3,62,62,62,
62,3,62,62,62,
62,2,62,62,
62,2,62,62,
62,2,62,62,
62,2,62,62,
62,2,62,62,
62,2,62,62,
62,2,62,62,
62,2,62,62,
63,4,63,63,63,63,
63,3,63,63,63,
63,3,63,63,63,
63,3,63,63,63,
63,3,63,63,63,
63,3,63,63,63,
63,2,63,63,
63,2,63,63,
63,2,63,63,
63,2,63,63,
64,3,64,64,64,
64,3,64,64,64,
64,3,64,64,64,
64,3,64,64,64,
64,3,64,64,64,
64,2,64,64,
64,2,64,64,
64,2,64,64,
64,2,64,64,
64,2,64,64,
65,4,65,65,65,65,
65,3,65,65,65,
65,3,65,65,65,
65,3,65,65,65,
65,3,65,65,65,
65,3,65,65,65,
65,2,65,65,
65,2,65,65,
65,2,65,65,
65,2,65,65,
66,5,66,66,66,66,66,
66,3,66,66,66,
66,3,66,66,66,
66,3,66,66,66,
66,3,66,66,66,
66,2,66,66,
66,2,66,66,
66,2,66,66,
66,2,66,66,
66,2,66,66,
67,4,67,67,67,67,
67,3,67,67,67,
67,3,67,67,67,
67,3,67,67,67,
67,3,67,67,67,
67,3,67,67,67,
67,3,67,67,67,
67,3,67,67,67,
67,3,67,67,67,
67,3,67,67,67,
68,4,68,68,68,68,
68,4,68,68,68,68,
68,3,68,68,68,
68,3,68,68,68,
68,3,68,68,68,
68,3,68,68,68,
68,3,68,68,68,
68,3,68,68,68,
68,3,68,68,68,
68,2,68,68,
69,4,69,69,69,69,
69,3,69,69,69,
69,3,69,69,69,
69,3,69,69,69,
69,3,69,69,69,
69,3,69,69,69,
69,3,69,69,69,
69,2,69,69,
69,2,69,69,
69,2,69,69,
70,3,70,70,70,
70,3,70,70,70,
70,3,70,70,70,
70,3,70,70,70,
70,2,70,70,
70,2,70,70,
70,2,70,70,
70,2,70,70,
70,2,70,70,
70,2,70,70,
71,3,71,71,71,
71,3,71,71,71,
71,3,71,71,71,
71,3,71,71,71,
71,2,71,71,
71,2,71,71,
71,2,71,71,
71,2,71,71,
71,2,71,71,
71,2,71,71,
72,4,72,72,72,72,
72,3,72,72,72,
72,3,72,72,72,
72,3,72,72,72,
72,3,72,72,72,
72,3,72,72,72,
72,2,72,72,
72,2,72,72,
72,2,72,72,
72,2,72,72,
73,4,73,73,73,73,
73,4,73,73,73,73,
73,3,73,73,73,
73,3,73,73,73,
73,3,73,73,73,
73,3,73,73,73,
73,2,73,73,
73,2,73,73,
73,2,73,73,
73,2,73,73,
74,3,74,74,74,
74,2,74,74,
74,2,74,74,
74,2,74,74,
74,2,74,74,
74,2,74,74,
74,2,74,74,
74,2,74,74,
74,2,74,74,
74,2,74,74,
75,3,75,75,75,
75,3,75,75,75,
75,2,75,75,
75,2,75,75,
75,2,75,75,
75,2,75,75,
75,2,75,75,
75,2,75,75,
75,2,75,75,
75,2,75,75,
76,4,76,76,76,76,
76,3,76,76,76,
76,3,76,76,76,
76,3,76,76,76,
76,3,76,76,76,
76,2,76,76,
76,2,76,76,
76,2,76,76,
76,2,76,76,
76,2,76,76,
77,3,77,77,77,
77,3,77,77,77,
77,2,77,77,
77,2,77,77,
77,2,77,77,
77,2,77,77,
77,2,77,77,
77,2,77,77,
77,2,77,77,
77,2,77,77,
78,4,78,78,78,78,
78,3,78,78,78,
78,3,78,78,78,
78,3,78,78,78,
78,3,78,78,78,
78,3,78,78,78,
78,2,78,78,
78,2,78,78,
78,2,78,78,
78,2,78,78,
79,3,79,79,79,
79,3,79,79,79,
79,3,79,79,79,
79,3,79,79,79,
79,2,79,79,
79,2,79,79,
79,2,79,79,
79,2,79,79,
79,2,79,79,
79,2,79,79,
80,3,80,80,80,
80,3,80,80,80,
80,3,80,80,80,
80,3,80,80,80,
80,3,80,80,80,
80,2,80,80,
80,2,80,80,
80,2,80,80,
80,2,80,80,
80,2,80,80,
81,3,81,81,81,
81,3,81,81,81,
81,3,81,81,81,
81,3,81,81,81,
81,3,81,81,81,
81,2,81,81,
81,2,81,81,
81,2,81,81,
81,2,81,81,
81,2,81,81,
82,3,82,82,82,
82,3,82,82,82,
82,3,82,82,82,
82,2,82,82,
82,2,82,82,
82,2,82,82,
82,2,82,82,
82,2,82,82,
82,2,82,82,
82,2,82,82,
83,4,83,83,83,83,
83,3,83,83,83,
83,3,83,83,83,
83,3,83,83,83,
83,3,83,83,83,
83,3,83,83,83,
83,3,83,83,83,
83,3,83,83,83,
83,3,83,83,83,
83,3,83,83,83,
84,3,84,84,84,
84,3,84,84,84,
84,3,84,84,84,
84,3,84,84,84,
84,3,84,84,84,
84,3,84,84,84,
84,3,84,84,84,
84,2,84,84,
84,2,84,84,
84,2,84,84,
85,4,85,85,85,85,
85,3,85,85,85,
85,3,85,85,85,
85,3,85,85,85,
85,3,85,85,85,
85,2,85,85,
85,2,85,85,
85,2,85,85,
85,2,85,85,
85,2,85,85,
86,3,86,86,86,
86,3,86,86,86,
86,3,86,86,86,
86,3,86,86,86,
86,3,86,86,86,
86,3,86,86,86,
86,3,86,86,86,
86,2,86,86,
86,2,86,86,
86,2,86,86,
87,4,87,87,87,87,
87,3,87,87,87,
87,3,87,87,87,
87,3,87,87,87,
87,3,87,87,87,
87,3,87,87,87,
87,3,87,87,87,
87,2,87,87,
87,2,87,87,
87,2,87,87,
88,4,88,88,88,88,
88,4,88,88,88,88,
88,3,88,88,88,
88,3,88,88,88,
88,3,88,88,88,
88,3,88,88,88,
88,3,88,88,88,
88,3,88,88,88,
88,3,88,88,88,
88,3,88,88,88,
89,4,89,89,89,89,
89,4,89,89,89,89,
89,3,89,89,89,
89,3,89,89,89,
89,3,89,89,89,
89,3,89,89,89,
89,3,89,89,89,
89,3,89,89,89,
89,3,89,89,89,
89,2,89,89,
90,3,90,90,90,
90,3,90,90,90,
90,3,90,90,90,
90,3,90,90,90,
90,2,90,90,
90,2,90,90,
90,2,90,90,
90,2,90,90,
90,2,90,90,
90,2,90,90,
91,4,91,91,91,91,
91,3,91,91,91,
91,3,91,91,91,
91,3,91,91,91,
91,3,91,91,91,
91,3,91,91,91,
91,3,91,91,91,
91,2,91,91,
91,2,91,91,
91,2,91,91,
92,4,92,92,92,92,
92,3,92,92,92,
92,3,92,92,92,
92,3,92,92,92,
92,3,92,92,92,
92,2,92,92,
92,2,92,92,
92,2,92,92,
92,2,92,92,
92,2,92,92,
93,5,93,93,93,93,93,
93,4,93,93,93,93,
93,3,93,93,93,
93,3,93,93,93,
93,3,93,93,93,
93,3,93,93,93,
93,3,93,93,93,
93,2,93,93,
93,2,93,93,
93,2,93,93,
94,4,94,94,94,94,
94,3,94,94,94,
94,3,94,94,94,
94,3,94,94,94,
94,3,94,94,94,
94,3,94,94,94,
94,2,94,94,
94,2,94,94,
94,2,94,94,
94,2,94,94,
95,4,95,95,95,95,
95,4,95,95,95,95,
95,4,95,95,95,95,
95,3,95,95,95,
95,3,95,95,95,
95,3,95,95,95,
95,3,95,95,95,
95,2,95,95,
95,2,95,95,
95,2,95,95,
96,5,96,96,96,96,96,
96,4,96,96,96,96,
96,4,96,96,96,96,
96,3,96,96,96,
96,3,96,96,96,
96,3,96,96,96,
96,3,96,96,96,
96,3,96,96,96,
96,3,96,96,96,
96,2,96,96,
97,4,97,97,97,97,
97,4,97,97,97,97,
97,3,97,97,97,
97,3,97,97,97,
97,3,97,97,97,
97,3,97,97,97,
97,3,97,97,97,
97,3,97,97,97,
97,3,97,97,97,
97,3,97,97,97,
98,3,98,98,98,
98,3,98,98,98,
98,3,98,98,98,
98,3,98,98,98,
98,3,98,98,98,
98,3,98,98,98,
98,3,98,98,98,
98,3,98,98,98,
98,2,98,98,
98,2,98,98,
99,4,99,99,99,99,
99,3,99,99,99,
99,3,99,99,99,
99,2,99,99,
99,2,99,99,
99,2,99,99,
99,2,99,99,
99,2,99,99,
99,2,99,99,
99,2,99,99,
100,4,100,100,100,100,
100,3,100,100,100,
100,3,100,100,100,
100,3,100,100,100,
100,3,100,100,100,
100,3,100,100,100,
100,3,100,100,100,
100,2,100,100,
100,2,100,100,
100,2,100,100,
101,4,101,101,101,101,
101,3,101,101,101,
101,3,101,101,101,
101,3,101,101,101,
101,3,101,101,101,
101,3,101,101,101,
101,3,101,101,101,
101,3,101,101,101,
101,3,101,101,101,
101,2,101,101,
102,5,102,102,102,102,102,
102,4,102,102,102,102,
102,3,102,102,102,
102,3,102,102,102,
102,3,102,102,102,
102,3,102,102,102,
102,3,102,102,102,
102,3,102,102,102,
102,3,102,102,102,
102,3,102,102,102,
103,3,103,103,103,
103,3,103,103,103,
103,3,103,103,103,
103,3,103,103,103,
103,3,103,103,103,
103,3,103,103,103,
103,3,103,103,103,
103,3,103,103,103,
103,3,103,103,103,
103,2,103,103,
104,4,104,104,104,104,
104,3,104,104,104,
104,3,104,104,104,
104,3,104,104,104,
104,3,104,104,104,
104,3,104,104,104,
104,3,104,104,104,
104,3,104,104,104,
104,2,104,104,
104,2,104,104,
105,3,105,105,105,
105,3,105,105,105,
105,3,105,105,105,
105,2,105,105,
105,2,105,105,
105,2,105,105,
105,2,105,105,
105,2,105,105,
105,2,105,105,
105,2,105,105,
106,3,106,106,106,
106,3,106,106,106,
106,3,106,106,106,
106,3,106,106,106,
106,2,106,106,
106,2,106,106,
106,2,106,106,
106,2,106,106,
106,2,106,106,
106,2,106,106,
107,3,107,107,107,
107,3,107,107,107,
107,3,107,107,107,
107,3,107,107,107,
107,3,107,107,107,
107,3,107,107,107,
107,2,107,107,
107,2,107,107,
107,2,107,107,
107,2,107,107,
108,3,108,108,108,
108,2,108,108,
108,2,108,108,
108,2,108,108,
108,2,108,108,
108,2,108,108,
108,2,108,108,
108,2,108,108,
108,2,108,108,
108,2,108,108,
109,3,109,109,109,
109,3,109,109,109,
109,2,109,109,
109,2,109,109,
109,2,109,109,
109,2,109,109,
109,2,109,109,
109,2,109,109,
109,2,109,109,
109,2,109,109,
110,3,110,110,110,
110,3,110,110,110,
110,2,110,110,
110,2,110,110,
110,2,110,110,
110,2,110,110,
110,2,110,110,
110,2,110,110,
110,2,110,110,
110,2,110,110,
111,2,111,111,
111,2,111,111,
111,2,111,111,
111,2,111,111,
111,2,111,111,
111,2,111,111,
111,2,111,111,
111,2,111,111,
111,2,111,111,
111,2,111,111,
112,3,112,112,112,
112,2,112,112,
112,2,112,112,
112,2,112,112,
112,2,112,112,
112,2,112,112,
112,2,112,112,
112,2,112,112,
112,2,112,112,
112,2,112,112,
113,3,113,113,113,
113,3,113,113,113,
113,2,113,113,
113,2,113,113,
113,2,113,113,
113,2,113,113,
113,2,113,113,
113,2,113,113,
113,2,113,113,
113,2,113,113,
114,4,114,114,114,114,
114,3,114,114,114,
114,2,114,114,
114,2,114,114,
114,2,114,114,
114,2,114,114,
114,2,114,114,
114,2,114,114,
114,2,114,114,
114,2,114,114,
115,3,115,115,115,
115,3,115,115,115,
115,3,115,115,115,
115,2,115,115,
115,2,115,115,
115,2,115,115,
115,2,115,115,
115,2,115,115,
115,2,115,115,
115,2,115,115,
116,3,116,116,116,
116,3,116,116,116,
116,2,116,116,
116,2,116,116,
116,2,116,116,
116,2,116,116,
116,2,116,116,
116,2,116,116,
116,2,116,116,
116,2,116,116,
117,3,117,117,117,
117,3,117,117,117,
117,2,117,117,
117,2,117,117,
117,2,117,117,
117,2,117,117,
117,2,117,117,
117,2,117,117,
117,2,117,117,
117,2,117,117,
118,3,118,118,118,
118,2,118,118,
118,2,118,118,
118,2,118,118,
118,2,118,118,
118,2,118,118,
118,2,118,118,
118,2,118,118,
118,2,118,118,
118,2,118,118,
119,3,119,119,119,
119,3,119,119,119,
119,3,119,119,119,
119,2,119,119,
119,2,119,119,
119,2,119,119,
119,2,119,119,
119,2,119,119,
119,2,119,119,
119,2,119,119,
120,3,120,120,120,
120,3,120,120,120,
120,2,120,120,
120,2,120,120,
120,2,120,120,
120,2,120,120,
120,2,120,120,
120,2,120,120,
120,2,120,120,
120,2,120,120,
121,3,121,121,121,
121,3,121,121,121,
121,3,121,121,121,
121,3,121,121,121,
121,3,121,121,121,
121,3,121,121,121,
121,3,121,121,121,
121,3,121,121,121,
121,3,121,121,121,
121,3,121,121,121,
122,6,122,122,122,122,122,122,
122,5,122,122,122,122,122,
122,3,122,122,122,
122,3,122,122,122,
122,3,122,122,122,
122,3,122,122,122,
122,3,122,122,122,
122,3,122,122,122,
122,3,122,122,122,
122,3,122,122,122,
123,4,123,123,123,123,
123,3,123,123,123,
123,3,123,123,123,
123,3,123,123,123,
123,3,123,123,123,
123,3,123,123,123,
123,3,123,123,123,
123,3,123,123,123,
123,2,123,123,
123,2,123,123,
124,3,124,124,124,
124,3,124,124,124,
124,3,124,124,124,
124,3,124,124,124,
124,2,124,124,
124,2,124,124,
124,2,124,124,
124,2,124,124,
124,2,124,124,
124,2,124,124,
125,3,125,125,125,
125,3,125,125,125,
125,3,125,125,125,
125,3,125,125,125,
125,3,125,125,125,
125,2,125,125,
125,2,125,125,
125,2,125,125,
125,2,125,125,
125,2,125,125,
126,3,126,126,126,
126,3,126,126,126,
126,3,126,126,126,
126,3,126,126,126,
126,3,126,126,126,
126,2,126,126,
126,2,126,126,
126,2,126,126,
126,2,126,126,
126,2,126,126,
127,4,127,127,127,127,
127,3,127,127,127,
127,3,127,127,127,
127,3,127,127,127,
127,3,127,127,127,
127,2,127,127,
127,2,127,127,
127,2,127,127,
127,2,127,127,
127,2,127,127,
128,3,128,128,128,
128,3,128,128,128,
128,2,128,128,
128,2,128,128,
128,2,128,128,
128,2,128,128,
128,2,128,128,
128,2,128,128,
128,2,128,128,
128,2,128,128,
129,2,129,129,
129,2,129,129,
129,2,129,129,
129,2,129,129,
129,2,129,129,
129,2,129,129,
129,2,129,129,
129,2,129,129,
129,2,129,129,
129,2,129,129,
130,4,130,130,130,130,
130,4,130,130,130,130,
130,3,130,130,130,
130,3,130,130,130,
130,3,130,130,130,
130,3,130,130,130,
130,3,130,130,130,
130,3,130,130,130,
130,3,130,130,130,
130,2,130,130,
131,4,131,131,131,131,
131,4,131,131,131,131,
131,3,131,131,131,
131,3,131,131,131,
131,3,131,131,131,
131,3,131,131,131,
131,3,131,131,131,
131,3,131,131,131,
131,3,131,131,131,
131,3,131,131,131,
132,3,132,132,132,
132,3,132,132,132,
132,3,132,132,132,
132,3,132,132,132,
132,3,132,132,132,
132,3,132,132,132,
132,3,132,132,132,
132,3,132,132,132,
132,3,132,132,132,
132,3,132,132,132,
133,6,133,133,133,133,133,133,
133,3,133,133,133,
133,3,133,133,133,
133,3,133,133,133,
133,3,133,133,133,
133,3,133,133,133,
133,3,133,133,133,
133,3,133,133,133,
133,3,133,133,133,
133,3,133,133,133,
134,4,134,134,134,134,
134,3,134,134,134,
134,3,134,134,134,
134,3,134,134,134,
134,3,134,134,134,
134,3,134,134,134,
134,3,134,134,134,
134,3,134,134,134,
134,3,134,134,134,
134,3,134,134,134,
135,3,135,135,135,
135,2,135,135,
135,2,135,135,
135,2,135,135,
135,2,135,135,
135,2,135,135,
135,2,135,135,
135,2,135,135,
135,2,135,135,
135,2,135,135,
136,4,136,136,136,136,
136,3,136,136,136,
136,3,136,136,136,
136,3,136,136,136,
136,3,136,136,136,
136,2,136,136,
136,2,136,136,
136,2,136,136,
136,2,136,136,
136,2,136,136,
137,4,137,137,137,137,
137,3,137,137,137,
137,3,137,137,137,
137,3,137,137,137,
137,3,137,137,137,
137,2,137,137,
137,2,137,137,
137,2,137,137,
137,2,137,137,
137,2,137,137,
138,4,138,138,138,138,
138,3,138,138,138,
138,2,138,138,
138,2,138,138,
138,2,138,138,
138,2,138,138,
138,2,138,138,
138,2,138,138,
138,2,138,138,
138,2,138,138,
139,3,139,139,139,
139,3,139,139,139,
139,3,139,139,139,
139,3,139,139,139,
139,3,139,139,139,
139,3,139,139,139,
139,2,139,139,
139,2,139,139,
139,2,139,139,
139,2,139,139,
140,6,140,140,140,140,140,140,
140,4,140,140,140,140,
140,3,140,140,140,
140,3,140,140,140,
140,3,140,140,140,
140,2,140,140,
140,2,140,140,
140,2,140,140,
140,2,140,140,
140,2,140,140,
141,5,141,141,141,141,141,
141,4,141,141,141,141,
141,4,141,141,141,141,
141,3,141,141,141,
141,3,141,141,141,
141,3,141,141,141,
141,3,141,141,141,
141,3,141,141,141,
141,3,141,141,141,
141,3,141,141,141,
142,3,142,142,142,
142,3,142,142,142,
142,3,142,142,142,
142,3,142,142,142,
142,3,142,142,142,
142,3,142,142,142,
142,3,142,142,142,
142,3,142,142,142,
142,2,142,142,
142,2,142,142,
143,4,143,143,143,143,
143,3,143,143,143,
143,3,143,143,143,
143,3,143,143,143,
143,2,143,143,
143,2,143,143,
143,2,143,143,
143,2,143,143,
143,2,143,143,
143,2,143,143,
144,3,144,144,144,
144,3,144,144,144,
144,3,144,144,144,
144,3,144,144,144,
144,2,144,144,
144,2,144,144,
144,2,144,144,
144,2,144,144,
144,2,144,144,
144,2,144,144,
145,3,145,145,145,
145,3,145,145,145,
145,3,145,145,145,
145,3,145,145,145,
145,2,145,145,
145,2,145,145,
145,2,145,145,
145,2,145,145,
145,2,145,145,
145,2,145,145,
146,4,146,146,146,146,
146,3,146,146,146,
146,3,146,146,146,
146,3,146,146,146,
146,3,146,146,146,
146,3,146,146,146,
146,3,146,146,146,
146,3,146,146,146,
146,3,146,146,146,
146,3,146,146,146,
147,5,147,147,147,147,147,
147,4,147,147,147,147,
147,3,147,147,147,
147,3,147,147,147,
147,3,147,147,147,
147,3,147,147,147,
147,3,147,147,147,
147,2,147,147,
147,2,147,147,
147,2,147,147,
148,4,148,148,148,148,
148,4,148,148,148,148,
148,3,148,148,148,
148,3,148,148,148,
148,3,148,148,148,
148,3,148,148,148,
148,3,148,148,148,
148,2,148,148,
148,2,148,148,
148,2,148,148,
149,5,149,149,149,149,149,
149,4,149,149,149,149,
149,4,149,149,149,149,
149,4,149,149,149,149,
149,4,149,149,149,149,
149,4,149,149,149,149,
149,3,149,149,149,
149,3,149,149,149,
149,3,149,149,149,
149,3,149,149,149,
150,5,150,150,150,150,150,
150,4,150,150,150,150,
150,4,150,150,150,150,
150,4,150,150,150,150,
150,3,150,150,150,
150,3,150,150,150,
150,3,150,150,150,
150,3,150,150,150,
150,3,150,150,150,
150,3,150,150,150,
151,5,151,151,151,151,151,
151,3,151,151,151,
151,3,151,151,151,
151,3,151,151,151,
151,3,151,151,151,
151,3,151,151,151,
151,3,151,151,151,
151,3,151,151,151,
151,3,151,151,151,
151,3,151,151,151,
152,4,152,152,152,152,
152,3,152,152,152,
152,3,152,152,152,
152,3,152,152,152,
152,3,152,152,152,
152,3,152,152,152,
152,3,152,152,152,
152,3,152,152,152,
152,3,152,152,152,
152,3,152,152,152,
153,4,153,153,153,153,
153,2,153,153,
153,2,153,153,
153,2,153,153,
153,2,153,153,
153,2,153,153,
153,2,153,153,
153,2,153,153,
153,2,153,153,
153,2,153,153,
154,4,154,154,154,154,
154,3,154,154,154,
154,3,154,154,154,
154,3,154,154,154,
154,3,154,154,154,
154,3,154,154,154,
154,3,154,154,154,
154,2,154,154,
154,2,154,154,
154,2,154,154,
155,3,155,155,155,
155,3,155,155,155,
155,2,155,155,
155,2,155,155,
155,2,155,155,
155,2,155,155,
155,2,155,155,
155,2,155,155,
155,2,155,155,
155,2,155,155,
156,3,156,156,156,
156,3,156,156,156,
156,3,156,156,156,
156,2,156,156,
156,2,156,156,
156,2,156,156,
156,2,156,156,
156,2,156,156,
156,2,156,156,
156,2,156,156,
157,4,157,157,157,157,
157,3,157,157,157,
157,2,157,157,
157,2,157,157,
157,2,157,157,
157,2,157,157,
157,2,157,157,
157,2,157,157,
157,2,157,157,
157,2,157,157,
158,2,158,158,
158,2,158,158,
158,2,158,158,
158,2,158,158,
158,2,158,158,
158,2,158,158,
158,2,158,158,
158,2,158,158,
158,2,158,158,
158,2,158,158,
159,3,159,159,159,
159,3,159,159,159,
159,2,159,159,
159,2,159,159,
159,2,159,159,
159,2,159,159,
159,2,159,159,
159,2,159,159,
159,2,159,159,
159,2,159,159,
160,3,160,160,160,
160,3,160,160,160,
160,3,160,160,160,
160,2,160,160,
160,2,160,160,
160,2,160,160,
160,2,160,160,
160,2,160,160,
160,2,160,160,
160,2,160,160,
161,3,161,161,161,
161,3,161,161,161,
161,3,161,161,161,
161,3,161,161,161,
161,2,161,161,
161,2,161,161,
161,2,161,161,
161,2,161,161,
161,2,161,161,
161,2,161,161,
162,3,162,162,162,
162,3,162,162,162,
162,2,162,162,
162,2,162,162,
162,2,162,162,
162,2,162,162,
162,2,162,162,
162,2,162,162,
162,2,162,162,
162,2,162,162,
163,3,163,163,163,
163,3,163,163,163,
163,3,163,163,163,
163,3,163,163,163,
163,2,163,163,
163,2,163,163,
163,2,163,163,
163,2,163,163,
163,2,163,163,
163,2,163,163,
164,3,164,164,164,
164,3,164,164,164,
164,3,164,164,164,
164,3,164,164,164,
164,2,164,164,
164,2,164,164,
164,2,164,164,
164,2,164,164,
164,2,164,164,
164,2,164,164,
165,3,165,165,165,
165,2,165,165,
165,2,165,165,
165,2,165,165,
165,2,165,165,
165,2,165,165,
165,2,165,165,
165,2,165,165,
165,2,165,165,
165,2,165,165,
166,3,166,166,166,
166,3,166,166,166,
166,3,166,166,166,
166,3,166,166,166,
166,2,166,166,
166,2,166,166,
166,2,166,166,
166,2,166,166,
166,2,166,166,
166,2,166,166,
167,3,167,167,167,
167,2,167,167,
167,2,167,167,
167,2,167,167,
167,2,167,167,
167,2,167,167,
167,2,167,167,
167,2,167,167,
167,2,167,167,
167,2,167,167,
168,3,168,168,168,
168,3,168,168,168,
168,3,168,168,168,
168,3,168,168,168,
168,3,168,168,168,
168,2,168,168,
168,2,168,168,
168,2,168,168,
168,2,168,168,
168,2,168,168,
169,3,169,169,169,
169,3,169,169,169,
169,3,169,169,169,
169,3,169,169,169,
169,3,169,169,169,
169,3,169,169,169,
169,2,169,169,
169,2,169,169,
169,2,169,169,
169,2,169,169,
170,4,170,170,170,170,
170,4,170,170,170,170,
170,3,170,170,170,
170,3,170,170,170,
170,3,170,170,170,
170,3,170,170,170,
170,3,170,170,170,
170,3,170,170,170,
170,3,170,170,170,
170,2,170,170,
171,3,171,171,171,
171,3,171,171,171,
171,3,171,171,171,
171,3,171,171,171,
171,3,171,171,171,
171,3,171,171,171,
171,3,171,171,171,
171,2,171,171,
171,2,171,171,
171,2,171,171,
172,3,172,172,172,
172,3,172,172,172,
172,3,172,172,172,
172,3,172,172,172,
172,3,172,172,172,
172,3,172,172,172,
172,2,172,172,
172,2,172,172,
172,2,172,172,
172,2,172,172,
173,3,173,173,173,
173,3,173,173,173,
173,3,173,173,173,
173,3,173,173,173,
173,3,173,173,173,
173,3,173,173,173,
173,3,173,173,173,
173,3,173,173,173,
173,3,173,173,173,
173,3,173,173,173,
174,3,174,174,174,
174,3,174,174,174,
174,3,174,174,174,
174,3,174,174,174,
174,3,174,174,174,
174,3,174,174,174,
174,3,174,174,174,
174,3,174,174,174,
174,3,174,174,174,
174,3,174,174,174,
175,4,175,175,175,175,
175,4,175,175,175,175,
175,4,175,175,175,175,
175,3,175,175,175,
175,3,175,175,175,
175,3,175,175,175,
175,3,175,175,175,
175,3,175,175,175,
175,3,175,175,175,
175,3,175,175,175,
176,4,176,176,176,176,
176,3,176,176,176,
176,3,176,176,176,
176,3,176,176,176,
176,3,176,176,176,
176,3,176,176,176,
176,2,176,176,
176,2,176,176,
176,2,176,176,
176,2,176,176,
177,3,177,177,177,
177,3,177,177,177,
177,3,177,177,177,
177,2,177,177,
177,2,177,177,
177,2,177,177,
177,2,177,177,
177,2,177,177,
177,2,177,177,
177,2,177,177,
178,4,178,178,178,178,
178,3,178,178,178,
178,2,178,178,
178,2,178,178,
178,2,178,178,
178,2,178,178,
178,2,178,178,
178,2,178,178,
178,2,178,178,
178,2,178,178,
179,4,179,179,179,179,
179,3,179,179,179,
179,3,179,179,179,
179,3,179,179,179,
179,3,179,179,179,
179,3,179,179,179,
179,3,179,179,179,
179,2,179,179,
179,2,179,179,
179,2,179,179,
180,5,180,180,180,180,180,
180,4,180,180,180,180,
180,3,180,180,180,
180,2,180,180,
180,2,180,180,
180,2,180,180,
180,2,180,180,
180,2,180,180,
180,2,180,180,
180,2,180,180,
181,5,181,181,181,181,181,
181,4,181,181,181,181,
181,3,181,181,181,
181,3,181,181,181,
181,3,181,181,181,
181,3,181,181,181,
181,3,181,181,181,
181,2,181,181,
181,2,181,181,
181,2,181,181,
182,4,182,182,182,182,
182,3,182,182,182,
182,3,182,182,182,
182,3,182,182,182,
182,2,182,182,
182,2,182,182,
182,2,182,182,
182,2,182,182,
182,2,182,182,
182,2,182,182,
183,3,183,183,183,
183,2,183,183,
183,2,183,183,
183,2,183,183,
183,2,183,183,
183,2,183,183,
183,2,183,183,
183,2,183,183,
183,2,183,183,
183,2,183,183,
184,3,184,184,184,
184,2,184,184,
184,2,184,184,
184,2,184,184,
184,2,184,184,
184,2,184,184,
184,2,184,184,
184,2,184,184,
184,2,184,184,
184,2,184,184,
185,3,185,185,185,
185,2,185,185,
185,2,185,185,
185,2,185,185,
185,2,185,185,
185,2,185,185,
185,2,185,185,
185,2,185,185,
185,2,185,185,
185,2,185,185,
186,3,186,186,186,
186,3,186,186,186,
186,3,186,186,186,
186,3,186,186,186,
186,2,186,186,
186,2,186,186,
186,2,186,186,
186,2,186,186,
186,2,186,186,
186,2,186,186,
187,3,187,187,187,
187,3,187,187,187,
187,3,187,187,187,
187,2,187,187,
187,2,187,187,
187,2,187,187,
187,2,187,187,
187,2,187,187,
187,2,187,187,
187,2,187,187,
188,3,188,188,188,
188,3,188,188,188,
188,3,188,188,188,
188,3,188,188,188,
188,3,188,188,188,
188,3,188,188,188,
188,2,188,188,
188,2,188,188,
188,2,188,188,
188,2,188,188,
189,4,189,189,189,189,
189,3,189,189,189,
189,3,189,189,189,
189,3,189,189,189,
189,3,189,189,189,
189,3,189,189,189,
189,3,189,189,189,
189,3,189,189,189,
189,3,189,189,189,
189,3,189,189,189,
190,4,190,190,190,190,
190,3,190,190,190,
190,3,190,190,190,
190,3,190,190,190,
190,3,190,190,190,
190,3,190,190,190,
190,3,190,190,190,
190,3,190,190,190,
190,3,190,190,190,
190,3,190,190,190,
191,5,191,191,191,191,191,
191,4,191,191,191,191,
191,3,191,191,191,
191,3,191,191,191,
191,3,191,191,191,
191,3,191,191,191,
191,3,191,191,191,
191,3,191,191,191,
191,3,191,191,191,
191,3,191,191,191,
192,4,192,192,192,192,
192,3,192,192,192,
192,3,192,192,192,
192,3,192,192,192,
192,3,192,192,192,
192,3,192,192,192,
192,2,192,192,
192,2,192,192,
192,2,192,192,
192,2,192,192,
193,3,193,193,193,
193,3,193,193,193,
193,3,193,193,193,
193,3,193,193,193,
193,3,193,193,193,
193,3,193,193,193,
193,3,193,193,193,
193,3,193,193,193,
193,3,193,193,193,
193,2,193,193,
194,3,194,194,194,
194,3,194,194,194,
194,3,194,194,194,
194,3,194,194,194,
194,2,194,194,
194,2,194,194,
194,2,194,194,
194,2,194,194,
194,2,194,194,
194,2,194,194,
195,3,195,195,195,
195,3,195,195,195,
195,3,195,195,195,
195,3,195,195,195,
195,3,195,195,195,
195,2,195,195,
195,2,195,195,
195,2,195,195,
195,2,195,195,
195,2,195,195,
196,3,196,196,196,
196,2,196,196,
196,2,196,196,
196,2,196,196,
196,2,196,196,
196,2,196,196,
196,2,196,196,
196,2,196,196,
196,2,196,196,
196,2,196,196,
197,3,197,197,197,
197,2,197,197,
197,2,197,197,
197,2,197,197,
197,2,197,197,
197,2,197,197,
197,2,197,197,
197,2,197,197,
197,2,197,197,
197,2,197,197,
198,3,198,198,198,
198,3,198,198,198,
198,2,198,198,
198,2,198,198,
198,2,198,198,
198,2,198,198,
198,2,198,198,
198,2,198,198,
198,2,198,198,
198,2,198,198,
199,3,199,199,199,
199,3,199,199,199,
199,3,199,199,199,
199,2,199,199,
199,2,199,199,
199,2,199,199,
199,2,199,199,
199,2,199,199,
199,2,199,199,
199,2,199,199,
200,4,200,200,200,200,
200,3,200,200,200,
200,3,200,200,200,
200,3,200,200,200,
200,2,200,200,
200,2,200,200,
200,2,200,200,
200,2,200,200,
200,2,200,200,
200,2,200,200,
201,4,201,201,201,201,
201,3,201,201,201,
201,3,201,201,201,
201,2,201,201,
201,2,201,201,
201,2,201,201,
201,2,201,201,
201,2,201,201,
201,2,201,201,
201,2,201,201,
202,3,202,202,202,
202,2,202,202,
202,2,202,202,
202,2,202,202,
202,2,202,202,
202,2,202,202,
202,2,202,202,
202,2,202,202,
202,2,202,202,
202,2,202,202,
203,3,203,203,203,
203,2,203,203,
203,2,203,203,
203,2,203,203,
203,2,203,203,
203,2,203,203,
203,2,203,203,
203,2,203,203,
203,2,203,203,
203,2,203,203,
204,3,204,204,204,
204,2,204,204,
204,2,204,204,
204,2,204,204,
204,2,204,204,
204,2,204,204,
204,2,204,204,
204,2,204,204,
204,2,204,204,
204,2,204,204,
205,2,205,205,
205,2,205,205,
205,2,205,205,
205,2,205,205,
205,2,205,205,
205,2,205,205,
205,2,205,205,
205,2,205,205,
205,2,205,205,
205,1,205,
206,2,206,206,
206,2,206,206,
206,2,206,206,
206,2,206,206,
206,2,206,206,
206,2,206,206,
206,2,206,206,
206,2,206,206,
206,2,206,206,
206,2,206,206,
207,4,207,207,207,207,
207,3,207,207,207,
207,3,207,207,207,
207,3,207,207,207,
207,3,207,207,207,
207,2,207,207,
207,2,207,207,
207,2,207,207,
207,2,207,207,
207,2,207,207,
208,3,208,208,208,
208,3,208,208,208,
208,3,208,208,208,
208,3,208,208,208,
208,3,208,208,208,
208,3,208,208,208,
208,2,208,208,
208,2,208,208,
208,2,208,208,
208,2,208,208,
209,4,209,209,209,209,
209,3,209,209,209,
209,2,209,209,
209,2,209,209,
209,2,209,209,
209,2,209,209,
209,2,209,209,
209,2,209,209,
209,2,209,209,
209,2,209,209,
210,3,210,210,210,
210,3,210,210,210,
210,3,210,210,210,
210,2,210,210,
210,2,210,210,
210,2,210,210,
210,2,210,210,
210,2,210,210,
210,2,210,210,
210,2,210,210,
211,4,211,211,211,211,
211,3,211,211,211,
211,3,211,211,211,
211,2,211,211,
211,2,211,211,
211,2,211,211,
211,2,211,211,
211,2,211,211,
211,2,211,211,
211,2,211,211,
212,4,212,212,212,212,
212,3,212,212,212,
212,3,212,212,212,
212,3,212,212,212,
212,3,212,212,212,
212,3,212,212,212,
212,3,212,212,212,
212,3,212,212,212,
212,2,212,212,
212,2,212,212,
213,3,213,213,213,
213,3,213,213,213,
213,3,213,213,213,
213,3,213,213,213,
213,3,213,213,213,
213,3,213,213,213,
213,2,213,213,
213,2,213,213,
213,2,213,213,
213,2,213,213,
214,3,214,214,214,
214,3,214,214,214,
214,3,214,214,214,
214,3,214,214,214,
214,3,214,214,214,
214,2,214,214,
214,2,214,214,
214,2,214,214,
214,2,214,214,
214,2,214,214,
215,3,215,215,215,
215,3,215,215,215,
215,3,215,215,215,
215,3,215,215,215,
215,3,215,215,215,
215,2,215,215,
215,2,215,215,
215,2,215,215,
215,2,215,215,
215,2,215,215,
216,3,216,216,216,
216,3,216,216,216,
216,3,216,216,216,
216,2,216,216,
216,2,216,216,
216,2,216,216,
216,2,216,216,
216,2,216,216,
216,2,216,216,
216,2,216,216,
217,4,217,217,217,217,
217,2,217,217,
217,2,217,217,
217,2,217,217,
217,2,217,217,
217,2,217,217,
217,2,217,217,
217,2,217,217,
217,2,217,217,
217,2,217,217,
218,3,218,218,218,
218,3,218,218,218,
218,3,218,218,218,
218,3,218,218,218,
218,3,218,218,218,
218,3,218,218,218,
218,3,218,218,218,
218,2,218,218,
218,2,218,218,
218,2,218,218,
219,3,219,219,219,
219,3,219,219,219,
219,3,219,219,219,
219,2,219,219,
219,2,219,219,
219,2,219,219,
219,2,219,219,
219,2,219,219,
219,2,219,219,
219,2,219,219,
220,3,220,220,220,
220,3,220,220,220,
220,3,220,220,220,
220,3,220,220,220,
220,2,220,220,
220,2,220,220,
220,2,220,220,
220,2,220,220,
220,2,220,220,
220,2,220,220,
221,3,221,221,221,
221,3,221,221,221,
221,3,221,221,221,
221,3,221,221,221,
221,3,221,221,221,
221,3,221,221,221,
221,3,221,221,221,
221,3,221,221,221,
221,2,221,221,
221,2,221,221,
222,3,222,222,222,
222,3,222,222,222,
222,3,222,222,222,
222,3,222,222,222,
222,2,222,222,
222,2,222,222,
222,2,222,222,
222,2,222,222,
222,2,222,222,
222,2,222,222,
223,3,223,223,223,
223,3,223,223,223,
223,3,223,223,223,
223,2,223,223,
223,2,223,223,
223,2,223,223,
223,2,223,223,
223,2,223,223,
223,2,223,223,
223,2,223,223,
224,3,224,224,224,
224,3,224,224,224,
224,3,224,224,224,
224,3,224,224,224,
224,3,224,224,224,
224,2,224,224,
224,2,224,224,
224,2,224,224,
224,2,224,224,
224,2,224,224,
225,4,225,225,225,225,
225,4,225,225,225,225,
225,3,225,225,225,
225,3,225,225,225,
225,3,225,225,225,
225,3,225,225,225,
225,2,225,225,
225,2,225,225,
225,2,225,225,
225,2,225,225,
226,4,226,226,226,226,
226,4,226,226,226,226,
226,3,226,226,226,
226,3,226,226,226,
226,3,226,226,226,
226,2,226,226,
226,2,226,226,
226,2,226,226,
226,2,226,226,
226,2,226,226,
227,4,227,227,227,227,
227,3,227,227,227,
227,3,227,227,227,
227,3,227,227,227,
227,3,227,227,227,
227,3,227,227,227,
227,3,227,227,227,
227,3,227,227,227,
227,3,227,227,227,
227,3,227,227,227,
228,4,228,228,228,228,
228,3,228,228,228,
228,3,228,228,228,
228,3,228,228,228,
228,3,228,228,228,
228,3,228,228,228,
228,3,228,228,228,
228,3,228,228,228,
228,2,228,228,
228,2,228,228,
229,4,229,229,229,229,
229,4,229,229,229,229,
229,3,229,229,229,
229,3,229,229,229,
229,3,229,229,229,
229,3,229,229,229,
229,3,229,229,229,
229,3,229,229,229,
229,2,229,229,
229,2,229,229,
230,4,230,230,230,230,
230,4,230,230,230,230,
230,3,230,230,230,
230,3,230,230,230,
230,3,230,230,230,
230,3,230,230,230,
230,3,230,230,230,
230,3,230,230,230,
230,3,230,230,230,
230,3,230,230,230,
231,5,231,231,231,231,231,
231,4,231,231,231,231,
231,4,231,231,231,231,
231,3,231,231,231,
231,3,231,231,231,
231,3,231,231,231,
231,3,231,231,231,
231,3,231,231,231,
231,3,231,231,231,
231,3,231,231,231,
232,4,232,232,232,232,
232,4,232,232,232,232,
232,4,232,232,232,232,
232,4,232,232,232,232,
232,3,232,232,232,
232,3,232,232,232,
232,3,232,232,232,
232,3,232,232,232,
232,3,232,232,232,
232,3,232,232,232,
233,3,233,233,233,
233,3,233,233,233,
233,3,233,233,233,
233,3,233,233,233,
233,3,233,233,233,
233,3,233,233,233,
233,3,233,233,233,
233,3,233,233,233,
233,3,233,233,233,
233,3,233,233,233,
234,3,234,234,234,
234,3,234,234,234,
234,3,234,234,234,
234,2,234,234,
234,2,234,234,
234,2,234,234,
234,2,234,234,
234,2,234,234,
234,2,234,234,
234,2,234,234,
235,3,235,235,235,
235,3,235,235,235,
235,2,235,235,
235,2,235,235,
235,2,235,235,
235,2,235,235,
235,2,235,235,
235,2,235,235,
235,2,235,235,
235,2,235,235,
236,3,236,236,236,
236,3,236,236,236,
236,2,236,236,
236,2,236,236,
236,2,236,236,
236,2,236,236,
236,2,236,236,
236,2,236,236,
236,2,236,236,
236,2,236,236,
237,4,237,237,237,237,
237,4,237,237,237,237,
237,3,237,237,237,
237,3,237,237,237,
237,3,237,237,237,
237,3,237,237,237,
237,2,237,237,
237,2,237,237,
237,2,237,237,
237,2,237,237,
238,3,238,238,238,
238,3,238,238,238,
238,3,238,238,238,
238,2,238,238,
238,2,238,238,
238,2,238,238,
238,2,238,238,
238,2,238,238,
238,2,238,238,
238,2,238,238,
239,4,239,239,239,239,
239,4,239,239,239,239,
239,3,239,239,239,
239,3,239,239,239,
239,3,239,239,239,
239,3,239,239,239,
239,3,239,239,239,
239,3,239,239,239,
239,3,239,239,239,
239,3,239,239,239,
240,4,240,240,240,240,
240,3,240,240,240,
240,3,240,240,240,
240,3,240,240,240,
240,3,240,240,240,
240,3,240,240,240,
240,3,240,240,240,
240,2,240,240,
240,2,240,240,
240,2,240,240,
241,4,241,241,241,241,
241,3,241,241,241,
241,3,241,241,241,
241,3,241,241,241,
241,3,241,241,241,
241,3,241,241,241,
241,3,241,241,241,
241,3,241,241,241,
241,3,241,241,241,
241,3,241,241,241,
242,5,242,242,242,242,242,
242,4,242,242,242,242,
242,3,242,242,242,
242,3,242,242,242,
242,2,242,242,
242,2,242,242,
242,2,242,242,
242,2,242,242,
242,2,242,242,
242,2,242,242,
243,3,243,243,243,
243,3,243,243,243,
243,3,243,243,243,
243,2,243,243,
243,2,243,243,
243,2,243,243,
243,2,243,243,
243,2,243,243,
243,2,243,243,
243,2,243,243,
244,3,244,244,244,
244,3,244,244,244,
244,3,244,244,244,
244,3,244,244,244,
244,3,244,244,244,
244,2,244,244,
244,2,244,244,
244,2,244,244,
244,2,244,244,
244,2,244,244,
245,4,245,245,245,245,
245,3,245,245,245,
245,3,245,245,245,
245,3,245,245,245,
245,3,245,245,245,
245,2,245,245,
245,2,245,245,
245,2,245,245,
245,2,245,245,
245,2,245,245,
246,4,246,246,246,246,
246,4,246,246,246,246,
246,3,246,246,246,
246,3,246,246,246,
246,3,246,246,246,
246,3,246,246,246,
246,3,246,246,246,
246,3,246,246,246,
246,3,246,246,246,
246,2,246,246,
247,5,247,247,247,247,247,
247,4,247,247,247,247,
247,3,247,247,247,
247,3,247,247,247,
247,3,247,247,247,
247,3,247,247,247,
247,2,247,247,
247,2,247,247,
247,2,247,247,
247,2,247,247,
248,4,248,248,248,248,
248,3,248,248,248,
248,3,248,248,248,
248,3,248,248,248,
248,3,248,248,248,
248,3,248,248,248,
248,3,248,248,248,
248,3,248,248,248,
248,3,248,248,248,
248,2,248,248,
249,3,249,249,249,
249,3,249,249,249,
249,3,249,249,249,
249,2,249,249,
249,2,249,249,
249,2,249,249,
249,2,249,249,
249,2,249,249,
249,2,249,249,
249,2,249,249,
250,3,250,250,250,
250,3,250,250,250,
250,3,250,250,250,
250,2,250,250,
250,2,250,250,
250,2,250,250,
250,2,250,250,
250,2,250,250,
250,2,250,250,
250,2,250,250,
251,4,251,251,251,251,
251,3,251,251,251,
251,3,251,251,251,
251,3,251,251,251,
251,3,251,251,251,
251,3,251,251,251,
251,2,251,251,
251,2,251,251,
251,2,251,251,
251,2,251,251,
252,3,252,252,252,
252,2,252,252,
252,2,252,252,
252,2,252,252,
252,2,252,252,
252,2,252,252,
252,2,252,252,
252,2,252,252,
252,2,252,252,
252,2,252,252,
253,3,253,253,253,
253,3,253,253,253,
253,2,253,253,
253,2,253,253,
253,2,253,253,
253,2,253,253,
253,2,253,253,
253,2,253,253,
253,2,253,253,
253,2,253,253,
254,3,254,254,254,
254,3,254,254,254,
254,3,254,254,254,
254,2,254,254,
254,2,254,254,
254,2,254,254,
254,2,254,254,
254,2,254,254,
254,2,254,254,
254,2,254,254,
255,3,255,255,255,
255,3,255,255,255,
255,2,255,255,
255,2,255,255,
255,2,255,255,
255,2,255,255,
255,2,255,255,
255,2,255,255,
255,2,255,255,
255,2,255,255,
256,4,256,256,256,256,
256,4,256,256,256,256,
256,3,256,256,256,
256,3,256,256,256,
256,3,256,256,256,
256,3,256,256,256,
256,3,256,256,256,
256,3,256,256,256,
256,3,256,256,256,
256,2,256,256,
257,4,257,257,257,257,
257,4,257,257,257,257,
257,3,257,257,257,
257,3,257,257,257,
257,3,257,257,257,
257,3,257,257,257,
257,3,257,257,257,
257,3,257,257,257,
257,3,257,257,257,
257,3,257,257,257,
258,4,258,258,258,258,
258,3,258,258,258,
258,3,258,258,258,
258,3,258,258,258,
258,3,258,258,258,
258,3,258,258,258,
258,3,258,258,258,
258,2,258,258,
258,2,258,258,
258,2,258,258,
259,3,259,259,259,
259,3,259,259,259,
259,3,259,259,259,
259,3,259,259,259,
259,2,259,259,
259,2,259,259,
259,2,259,259,
259,2,259,259,
259,2,259,259,
259,2,259,259,
260,3,260,260,260,
260,3,260,260,260,
260,2,260,260,
260,2,260,260,
260,2,260,260,
260,2,260,260,
260,2,260,260,
260,2,260,260,
260,2,260,260,
260,2,260,260,
261,3,261,261,261,
261,3,261,261,261,
261,3,261,261,261,
261,2,261,261,
261,2,261,261,
261,2,261,261,
261,2,261,261,
261,2,261,261,
261,2,261,261,
261,2,261,261,
262,3,262,262,262,
262,2,262,262,
262,2,262,262,
262,2,262,262,
262,2,262,262,
262,2,262,262,
262,2,262,262,
262,2,262,262,
262,2,262,262,
262,2,262,262,
263,2,263,263,
263,2,263,263,
263,2,263,263,
263,2,263,263,
263,2,263,263,
263,2,263,263,
263,2,263,263,
263,2,263,263,
263,2,263,263,
263,2,263,263,
264,5,264,264,264,264,264,
264,4,264,264,264,264,
264,4,264,264,264,264,
264,3,264,264,264,
264,3,264,264,264,
264,3,264,264,264,
264,3,264,264,264,
264,3,264,264,264,
264,3,264,264,264,
264,3,264,264,264,
265,5,265,265,265,265,265,
265,4,265,265,265,265,
265,4,265,265,265,265,
265,3,265,265,265,
265,3,265,265,265,
265,3,265,265,265,
265,3,265,265,265,
265,3,265,265,265,
265,3,265,265,265,
265,3,265,265,265,
266,3,266,266,266,
266,3,266,266,266,
266,3,266,266,266,
266,3,266,266,266,
266,3,266,266,266,
266,3,266,266,266,
266,3,266,266,266,
266,3,266,266,266,
266,3,266,266,266,
266,3,266,266,266,
267,4,267,267,267,267,
267,4,267,267,267,267,
267,4,267,267,267,267,
267,4,267,267,267,267,
267,3,267,267,267,
267,3,267,267,267,
267,3,267,267,267,
267,3,267,267,267,
267,3,267,267,267,
267,3,267,267,267,
268,3,268,268,268,
268,3,268,268,268,
268,3,268,268,268,
268,3,268,268,268,
268,3,268,268,268,
268,2,268,268,
268,2,268,268,
268,2,268,268,
268,2,268,268,
268,2,268,268,
269,3,269,269,269,
269,3,269,269,269,
269,3,269,269,269,
269,3,269,269,269,
269,3,269,269,269,
269,3,269,269,269,
269,3,269,269,269,
269,2,269,269,
269,2,269,269,
269,2,269,269,
270,3,270,270,270,
270,3,270,270,270,
270,3,270,270,270,
270,3,270,270,270,
270,3,270,270,270,
270,2,270,270,
270,2,270,270,
270,2,270,270,
270,2,270,270,
270,2,270,270,
271,3,271,271,271,
271,3,271,271,271,
271,3,271,271,271,
271,3,271,271,271,
271,3,271,271,271,
271,3,271,271,271,
271,2,271,271,
271,2,271,271,
271,2,271,271,
271,2,271,271,
272,3,272,272,272,
272,3,272,272,272,
272,3,272,272,272,
272,2,272,272,
272,2,272,272,
272,2,272,272,
272,2,272,272,
272,2,272,272,
272,2,272,272,
272,2,272,272,
273,4,273,273,273,273,
273,3,273,273,273,
273,3,273,273,273,
273,3,273,273,273,
273,3,273,273,273,
273,2,273,273,
273,2,273,273,
273,2,273,273,
273,2,273,273,
273,2,273,273,
274,3,274,274,274,
274,3,274,274,274,
274,3,274,274,274,
274,2,274,274,
274,2,274,274,
274,2,274,274,
274,2,274,274,
274,2,274,274,
274,2,274,274,
274,2,274,274,
275,4,275,275,275,275,
275,2,275,275,
275,2,275,275,
275,2,275,275,
275,2,275,275,
275,2,275,275,
275,2,275,275,
275,2,275,275,
275,2,275,275,
275,2,275,275,
276,3,276,276,276,
276,3,276,276,276,
276,2,276,276,
276,2,276,276,
276,2,276,276,
276,2,276,276,
276,2,276,276,
276,2,276,276,
276,2,276,276,
276,2,276,276,
277,3,277,277,277,
277,2,277,277,
277,2,277,277,
277,2,277,277,
277,2,277,277,
277,2,277,277,
277,2,277,277,
277,2,277,277,
277,2,277,277,
277,2,277,277,
278,3,278,278,278,
278,3,278,278,278,
278,3,278,278,278,
278,3,278,278,278,
278,3,278,278,278,
278,3,278,278,278,
278,2,278,278,
278,2,278,278,
278,2,278,278,
278,2,278,278,
279,3,279,279,279,
279,3,279,279,279,
279,3,279,279,279,
279,3,279,279,279,
279,3,279,279,279,
279,3,279,279,279,
279,3,279,279,279,
279,2,279,279,
279,2,279,279,
279,2,279,279,
280,3,280,280,280,
280,3,280,280,280,
280,3,280,280,280,
280,2,280,280,
280,2,280,280,
280,2,280,280,
280,2,280,280,
280,2,280,280,
280,2,280,280,
280,2,280,280,
281,3,281,281,281,
281,3,281,281,281,
281,3,281,281,281,
281,2,281,281,
281,2,281,281,
281,2,281,281,
281,2,281,281,
281,2,281,281,
281,2,281,281,
281,2,281,281,
282,2,282,282,
282,2,282,282,
282,2,282,282,
282,2,282,282,
282,2,282,282,
282,2,282,282,
282,2,282,282,
282,2,282,282,
282,2,282,282,
282,2,282,282,
283,3,283,283,283,
283,2,283,283,
283,2,283,283,
283,2,283,283,
283,2,283,283,
283,2,283,283,
283,2,283,283,
283,2,283,283,
283,2,283,283,
283,2,283,283,
284,3,284,284,284,
284,3,284,284,284,
284,2,284,284,
284,2,284,284,
284,2,284,284,
284,2,284,284,
284,2,284,284,
284,2,284,284,
284,2,284,284,
284,2,284,284,
285,3,285,285,285,
285,3,285,285,285,
285,3,285,285,285,
285,2,285,285,
285,2,285,285,
285,2,285,285,
285,2,285,285,
285,2,285,285,
285,2,285,285,
285,2,285,285,
286,3,286,286,286,
286,3,286,286,286,
286,3,286,286,286,
286,2,286,286,
286,2,286,286,
286,2,286,286,
286,2,286,286,
286,2,286,286,
286,2,286,286,
286,2,286,286,
287,3,287,287,287,
287,3,287,287,287,
287,3,287,287,287,
287,3,287,287,287,
287,3,287,287,287,
287,3,287,287,287,
287,3,287,287,287,
287,3,287,287,287,
287,2,287,287,
287,2,287,287,
288,3,288,288,288,
288,3,288,288,288,
288,3,288,288,288,
288,3,288,288,288,
288,3,288,288,288,
288,3,288,288,288,
288,3,288,288,288,
288,3,288,288,288,
288,2,288,288,
288,2,288,288,
289,4,289,289,289,289,
289,3,289,289,289,
289,3,289,289,289,
289,3,289,289,289,
289,3,289,289,289,
289,3,289,289,289,
289,3,289,289,289,
289,2,289,289,
289,2,289,289,
289,2,289,289,
290,3,290,290,290,
290,3,290,290,290,
290,3,290,290,290,
290,3,290,290,290,
290,3,290,290,290,
290,3,290,290,290,
290,3,290,290,290,
290,3,290,290,290,
290,3,290,290,290,
290,3,290,290,290,
291,3,291,291,291,
291,3,291,291,291,
291,3,291,291,291,
291,2,291,291,
291,2,291,291,
291,2,291,291,
291,2,291,291,
291,2,291,291,
291,2,291,291,
291,2,291,291,
292,4,292,292,292,292,
292,4,292,292,292,292,
292,4,292,292,292,292,
292,4,292,292,292,292,
292,3,292,292,292,
292,3,292,292,292,
292,3,292,292,292,
292,3,292,292,292,
292,3,292,292,292,
292,3,292,292,292,
293,4,293,293,293,293,
293,4,293,293,293,293,
293,4,293,293,293,293,
293,3,293,293,293,
293,3,293,293,293,
293,3,293,293,293,
293,3,293,293,293,
293,2,293,293,
293,2,293,293,
293,2,293,293,
294,3,294,294,294,
294,3,294,294,294,
294,3,294,294,294,
294,3,294,294,294,
294,3,294,294,294,
294,2,294,294,
294,2,294,294,
294,2,294,294,
294,2,294,294,
294,2,294,294,
295,4,295,295,295,295,
295,3,295,295,295,
295,2,295,295,
295,2,295,295,
295,2,295,295,
295,2,295,295,
295,2,295,295,
295,2,295,295,
295,2,295,295,
295,2,295,295,
296,4,296,296,296,296,
296,3,296,296,296,
296,3,296,296,296,
296,2,296,296,
296,2,296,296,
296,2,296,296,
296,2,296,296,
296,2,296,296,
296,2,296,296,
296,2,296,296,
297,4,297,297,297,297,
297,4,297,297,297,297,
297,4,297,297,297,297,
297,4,297,297,297,297,
297,2,297,297,
297,2,297,297,
297,2,297,297,
297,2,297,297,
297,2,297,297,
297,2,297,297,
298,5,298,298,298,298,298,
298,4,298,298,298,298,
298,3,298,298,298,
298,3,298,298,298,
298,3,298,298,298,
298,3,298,298,298,
298,3,298,298,298,
298,3,298,298,298,
298,3,298,298,298,
298,2,298,298,
299,4,299,299,299,299,
299,3,299,299,299,
299,3,299,299,299,
299,3,299,299,299,
299,3,299,299,299,
299,3,299,299,299,
299,3,299,299,299,
299,3,299,299,299,
299,3,299,299,299,
299,3,299,299,299,
300,4,300,300,300,300,
300,4,300,300,300,300,
300,4,300,300,300,300,
300,4,300,300,300,300,
300,3,300,300,300,
300,3,300,300,300,
300,3,300,300,300,
300,3,300,300,300,
300,3,300,300,300,
300,3,300,300,300,
301,4,301,301,301,301,
301,4,301,301,301,301,
301,3,301,301,301,
301,3,301,301,301,
301,3,301,301,301,
301,3,301,301,301,
301,3,301,301,301,
301,3,301,301,301,
301,3,301,301,301,
301,3,301,301,301,
302,4,302,302,302,302,
302,4,302,302,302,302,
302,3,302,302,302,
302,3,302,302,302,
302,3,302,302,302,
302,3,302,302,302,
302,3,302,302,302,
302,3,302,302,302,
302,3,302,302,302,
302,3,302,302,302,
303,4,303,303,303,303,
303,4,303,303,303,303,
303,4,303,303,303,303,
303,3,303,303,303,
303,3,303,303,303,
303,3,303,303,303,
303,3,303,303,303,
303,3,303,303,303,
303,3,303,303,303,
303,3,303,303,303,
304,4,304,304,304,304,
304,4,304,304,304,304,
304,4,304,304,304,304,
304,4,304,304,304,304,
304,4,304,304,304,304,
304,3,304,304,304,
304,3,304,304,304,
304,3,304,304,304,
304,3,304,304,304,
304,3,304,304,304,
305,4,305,305,305,305,
305,4,305,305,305,305,
305,3,305,305,305,
305,3,305,305,305,
305,3,305,305,305,
305,3,305,305,305,
305,3,305,305,305,
305,3,305,305,305,
305,3,305,305,305,
305,2,305,305,
306,4,306,306,306,306,
306,4,306,306,306,306,
306,4,306,306,306,306,
306,4,306,306,306,306,
306,3,306,306,306,
306,3,306,306,306,
306,3,306,306,306,
306,3,306,306,306,
306,3,306,306,306,
306,3,306,306,306,
307,4,307,307,307,307,
307,4,307,307,307,307,
307,4,307,307,307,307,
307,3,307,307,307,
307,3,307,307,307,
307,3,307,307,307,
307,3,307,307,307,
307,3,307,307,307,
307,3,307,307,307,
307,3,307,307,307,
308,4,308,308,308,308,
308,4,308,308,308,308,
308,4,308,308,308,308,
308,4,308,308,308,308,
308,3,308,308,308,
308,3,308,308,308,
308,3,308,308,308,
308,3,308,308,308,
308,3,308,308,308,
308,3,308,308,308,
309,3,309,309,309,
309,3,309,309,309,
309,3,309,309,309,
309,3,309,309,309,
309,3,309,309,309,
309,3,309,309,309,
309,3,309,309,309,
309,2,309,309,
309,2,309,309,
309,2,309,309,
310,4,310,310,310,310,
310,4,310,310,310,310,
310,3,310,310,310,
310,3,310,310,310,
310,3,310,310,310,
310,3,310,310,310,
310,3,310,310,310,
310,3,310,310,310,
310,3,310,310,310,
310,3,310,310,310,
311,4,311,311,311,311,
311,4,311,311,311,311,
311,3,311,311,311,
311,3,311,311,311,
311,3,311,311,311,
311,3,311,311,311,
311,3,311,311,311,
311,3,311,311,311,
311,3,311,311,311,
311,3,311,311,311,
312,4,312,312,312,312,
312,4,312,312,312,312,
312,4,312,312,312,312,
312,3,312,312,312,
312,3,312,312,312,
312,3,312,312,312,
312,3,312,312,312,
312,3,312,312,312,
312,3,312,312,312,
312,3,312,312,312,
313,4,313,313,313,313,
313,4,313,313,313,313,
313,3,313,313,313,
313,3,313,313,313,
313,3,313,313,313,
313,3,313,313,313,
313,3,313,313,313,
313,2,313,313,
313,2,313,313,
313,2,313,313,
314,2,314,314,
314,2,314,314,
314,2,314,314,
314,2,314,314,
314,2,314,314,
314,2,314,314,
314,2,314,314,
314,2,314,314,
314,2,314,314,
314,2,314,314,
315,3,315,315,315,
315,3,315,315,315,
315,3,315,315,315,
315,3,315,315,315,
315,3,315,315,315,
315,3,315,315,315,
315,2,315,315,
315,2,315,315,
315,2,315,315,
315,2,315,315,
316,3,316,316,316,
316,3,316,316,316,
316,3,316,316,316,
316,3,316,316,316,
316,3,316,316,316,
316,3,316,316,316,
316,2,316,316,
316,2,316,316,
316,2,316,316,
316,2,316,316,
317,3,317,317,317,
317,2,317,317,
317,2,317,317,
317,2,317,317,
317,2,317,317,
317,2,317,317,
317,2,317,317,
317,2,317,317,
317,2,317,317,
317,2,317,317,
318,3,318,318,318,
318,3,318,318,318,
318,2,318,318,
318,2,318,318,
318,2,318,318,
318,2,318,318,
318,2,318,318,
318,2,318,318,
318,2,318,318,
318,2,318,318,
319,3,319,319,319,
319,3,319,319,319,
319,3,319,319,319,
319,3,319,319,319,
319,2,319,319,
319,2,319,319,
319,2,319,319,
319,2,319,319,
319,2,319,319,
319,2,319,319,
320,3,320,320,320,
320,3,320,320,320,
320,3,320,320,320,
320,2,320,320,
320,2,320,320,
320,2,320,320,
320,2,320,320,
320,2,320,320,
320,2,320,320,
320,2,320,320,
321,3,321,321,321,
321,3,321,321,321,
321,3,321,321,321,
321,3,321,321,321,
321,3,321,321,321,
321,3,321,321,321,
321,3,321,321,321,
321,3,321,321,321,
321,3,321,321,321,
321,3,321,321,321,
322,3,322,322,322,
322,2,322,322,
322,2,322,322,
322,2,322,322,
322,2,322,322,
322,2,322,322,
322,2,322,322,
322,2,322,322,
322,2,322,322,
322,2,322,322,
323,3,323,323,323,
323,3,323,323,323,
323,2,323,323,
323,2,323,323,
323,2,323,323,
323,2,323,323,
323,2,323,323,
323,2,323,323,
323,2,323,323,
323,2,323,323,
324,3,324,324,324,
324,3,324,324,324,
324,3,324,324,324,
324,3,324,324,324,
324,3,324,324,324,
324,2,324,324,
324,2,324,324,
324,2,324,324,
324,2,324,324,
324,2,324,324,
325,3,325,325,325,
325,3,325,325,325,
325,3,325,325,325,
325,3,325,325,325,
325,2,325,325,
325,2,325,325,
325,2,325,325,
325,2,325,325,
325,2,325,325,
325,2,325,325,
326,4,326,326,326,326,
326,3,326,326,326,
326,3,326,326,326,
326,3,326,326,326,
326,2,326,326,
326,2,326,326,
326,2,326,326,
326,2,326,326,
326,2,326,326,
326,2,326,326,
327,3,327,327,327,
327,3,327,327,327,
327,3,327,327,327,
327,2,327,327,
327,2,327,327,
327,2,327,327,
327,2,327,327,
327,2,327,327,
327,2,327,327,
327,2,327,327,
328,4,328,328,328,328,
328,3,328,328,328,
328,3,328,328,328,
328,3,328,328,328,
328,2,328,328,
328,2,328,328,
328,2,328,328,
328,2,328,328,
328,2,328,328,
328,2,328,328,
329,3,329,329,329,
329,3,329,329,329,
329,2,329,329,
329,2,329,329,
329,2,329,329,
329,2,329,329,
329,2,329,329,
329,2,329,329,
329,2,329,329,
329,2,329,329,
330,3,330,330,330,
330,3,330,330,330,
330,3,330,330,330,
330,3,330,330,330,
330,3,330,330,330,
330,3,330,330,330,
330,2,330,330,
330,2,330,330,
330,2,330,330,
330,2,330,330,
331,3,331,331,331,
331,3,331,331,331,
331,3,331,331,331,
331,2,331,331,
331,2,331,331,
331,2,331,331,
331,2,331,331,
331,2,331,331,
331,2,331,331,
331,2,331,331,
332,3,332,332,332,
332,3,332,332,332,
332,3,332,332,332,
332,2,332,332,
332,2,332,332,
332,2,332,332,
332,2,332,332,
332,2,332,332,
332,2,332,332,
332,2,332,332,
333,3,333,333,333,
333,3,333,333,333,
333,3,333,333,333,
333,2,333,333,
333,2,333,333,
333,2,333,333,
333,2,333,333,
333,2,333,333,
333,2,333,333,
333,2,333,333,
334,3,334,334,334,
334,2,334,334,
334,2,334,334,
334,2,334,334,
334,2,334,334,
334,2,334,334,
334,2,334,334,
334,2,334,334,
334,2,334,334,
334,2,334,334,
335,3,335,335,335,
335,3,335,335,335,
335,3,335,335,335,
335,2,335,335,
335,2,335,335,
335,2,335,335,
335,2,335,335,
335,2,335,335,
335,2,335,335,
335,2,335,335,
336,3,336,336,336,
336,3,336,336,336,
336,3,336,336,336,
336,3,336,336,336,
336,2,336,336,
336,2,336,336,
336,2,336,336,
336,2,336,336,
336,2,336,336,
336,2,336,336,
337,4,337,337,337,337,
337,4,337,337,337,337,
337,4,337,337,337,337,
337,4,337,337,337,337,
337,3,337,337,337,
337,3,337,337,337,
337,3,337,337,337,
337,3,337,337,337,
337,2,337,337,
337,2,337,337,
338,3,338,338,338,
338,3,338,338,338,
338,3,338,338,338,
338,3,338,338,338,
338,3,338,338,338,
338,3,338,338,338,
338,3,338,338,338,
338,2,338,338,
338,2,338,338,
338,2,338,338,
339,4,339,339,339,339,
339,3,339,339,339,
339,3,339,339,339,
339,3,339,339,339,
339,3,339,339,339,
339,3,339,339,339,
339,3,339,339,339,
339,3,339,339,339,
339,2,339,339,
339,2,339,339,
340,4,340,340,340,340,
340,4,340,340,340,340,
340,3,340,340,340,
340,3,340,340,340,
340,3,340,340,340,
340,3,340,340,340,
340,3,340,340,340,
340,3,340,340,340,
340,3,340,340,340,
340,3,340,340,340,
341,4,341,341,341,341,
341,3,341,341,341,
341,3,341,341,341,
341,3,341,341,341,
341,3,341,341,341,
341,3,341,341,341,
341,3,341,341,341,
341,3,341,341,341,
341,3,341,341,341,
341,3,341,341,341,
342,3,342,342,342,
342,3,342,342,342,
342,3,342,342,342,
342,3,342,342,342,
342,3,342,342,342,
342,2,342,342,
342,2,342,342,
342,2,342,342,
342,2,342,342,
342,2,342,342,
343,2,343,343,
343,2,343,343,
343,2,343,343,
343,2,343,343,
343,2,343,343,
343,2,343,343,
343,2,343,343,
343,2,343,343,
343,2,343,343,
343,2,343,343,
344,3,344,344,344,
344,3,344,344,344,
344,3,344,344,344,
344,3,344,344,344,
344,3,344,344,344,
344,2,344,344,
344,2,344,344,
344,2,344,344,
344,2,344,344,
344,2,344,344,
345,4,345,345,345,345,
345,2,345,345,
345,2,345,345,
345,2,345,345,
345,2,345,345,
345,2,345,345,
345,2,345,345,
345,2,345,345,
345,2,345,345,
345,2,345,345,
346,4,346,346,346,346,
346,3,346,346,346,
346,3,346,346,346,
346,2,346,346,
346,2,346,346,
346,2,346,346,
346,2,346,346,
346,2,346,346,
346,2,346,346,
346,2,346,346,
347,4,347,347,347,347,
347,3,347,347,347,
347,3,347,347,347,
347,3,347,347,347,
347,3,347,347,347,
347,2,347,347,
347,2,347,347,
347,2,347,347,
347,2,347,347,
347,2,347,347,
348,3,348,348,348,
348,3,348,348,348,
348,3,348,348,348,
348,3,348,348,348,
348,3,348,348,348,
348,3,348,348,348,
348,3,348,348,348,
348,2,348,348,
348,2,348,348,
348,2,348,348,
349,6,349,349,349,349,349,349,
349,5,349,349,349,349,349,
349,4,349,349,349,349,
349,3,349,349,349,
349,3,349,349,349,
349,3,349,349,349,
349,3,349,349,349,
349,3,349,349,349,
349,3,349,349,349,
349,3,349,349,349,
350,5,350,350,350,350,350,
350,5,350,350,350,350,350,
350,5,350,350,350,350,350,
350,4,350,350,350,350,
350,4,350,350,350,350,
350,4,350,350,350,350,
350,4,350,350,350,350,
350,3,350,350,350,
350,3,350,350,350,
350,3,350,350,350,
351,5,351,351,351,351,351,
351,5,351,351,351,351,351,
351,5,351,351,351,351,351,
351,4,351,351,351,351,
351,4,351,351,351,351,
351,3,351,351,351,
351,3,351,351,351,
351,3,351,351,351,
351,3,351,351,351,
351,3,351,351,351,
352,4,352,352,352,352,
352,3,352,352,352,
352,3,352,352,352,
352,3,352,352,352,
352,3,352,352,352,
352,3,352,352,352,
352,3,352,352,352,
352,3,352,352,352,
352,3,352,352,352,
352,3,352,352,352,
353,3,353,353,353,
353,3,353,353,353,
353,3,353,353,353,
353,3,353,353,353,
353,3,353,353,353,
353,3,353,353,353,
353,3,353,353,353,
353,3,353,353,353,
353,2,353,353,
353,2,353,353,
354,3,354,354,354,
354,3,354,354,354,
354,3,354,354,354,
354,3,354,354,354,
354,3,354,354,354,
354,2,354,354,
354,2,354,354,
354,2,354,354,
354,2,354,354,
354,2,354,354,
355,3,355,355,355,
355,3,355,355,355,
355,3,355,355,355,
355,3,355,355,355,
355,2,355,355,
355,2,355,355,
355,2,355,355,
355,2,355,355,
355,2,355,355,
355,2,355,355,
356,4,356,356,356,356,
356,4,356,356,356,356,
356,3,356,356,356,
356,3,356,356,356,
356,3,356,356,356,
356,2,356,356,
356,2,356,356,
356,2,356,356,
356,2,356,356,
356,2,356,356,
357,3,357,357,357,
357,3,357,357,357,
357,3,357,357,357,
357,2,357,357,
357,2,357,357,
357,2,357,357,
357,2,357,357,
357,2,357,357,
357,2,357,357,
357,2,357,357,
358,4,358,358,358,358,
358,3,358,358,358,
358,3,358,358,358,
358,3,358,358,358,
358,3,358,358,358,
358,2,358,358,
358,2,358,358,
358,2,358,358,
358,2,358,358,
358,2,358,358,
359,3,359,359,359,
359,3,359,359,359,
359,3,359,359,359,
359,3,359,359,359,
359,3,359,359,359,
359,3,359,359,359,
359,3,359,359,359,
359,3,359,359,359,
359,2,359,359,
359,2,359,359,
360,4,360,360,360,360,
360,4,360,360,360,360,
360,4,360,360,360,360,
360,3,360,360,360,
360,3,360,360,360,
360,2,360,360,
360,2,360,360,
360,2,360,360,
360,2,360,360,
360,2,360,360,
361,3,361,361,361,
361,3,361,361,361,
361,3,361,361,361,
361,2,361,361,
361,2,361,361,
361,2,361,361,
361,2,361,361,
361,2,361,361,
361,2,361,361,
361,2,361,361,
362,3,362,362,362,
362,3,362,362,362,
362,3,362,362,362,
362,3,362,362,362,
362,3,362,362,362,
362,3,362,362,362,
362,3,362,362,362,
362,3,362,362,362,
362,3,362,362,362,
362,2,362,362,
363,4,363,363,363,363,
363,3,363,363,363,
363,3,363,363,363,
363,3,363,363,363,
363,3,363,363,363,
363,3,363,363,363,
363,3,363,363,363,
363,2,363,363,
363,2,363,363,
363,2,363,363,
364,5,364,364,364,364,364,
364,4,364,364,364,364,
364,3,364,364,364,
364,3,364,364,364,
364,3,364,364,364,
364,2,364,364,
364,2,364,364,
364,2,364,364,
364,2,364,364,
364,2,364,364,
365,4,365,365,365,365,
365,4,365,365,365,365,
365,3,365,365,365,
365,3,365,365,365,
365,3,365,365,365,
365,3,365,365,365,
365,3,365,365,365,
365,3,365,365,365,
365,3,365,365,365,
365,2,365,365,
366,4,366,366,366,366,
366,3,366,366,366,
366,3,366,366,366,
366,3,366,366,366,
366,3,366,366,366,
366,3,366,366,366,
366,2,366,366,
366,2,366,366,
366,2,366,366,
366,2,366,366,
367,4,367,367,367,367,
367,3,367,367,367,
367,3,367,367,367,
367,3,367,367,367,
367,2,367,367,
367,2,367,367,
367,2,367,367,
367,2,367,367,
367,2,367,367,
367,2,367,367,
368,3,368,368,368,
368,3,368,368,368,
368,3,368,368,368,
368,2,368,368,
368,2,368,368,
368,2,368,368,
368,2,368,368,
368,2,368,368,
368,2,368,368,
368,2,368,368,
369,4,369,369,369,369,
369,3,369,369,369,
369,3,369,369,369,
369,3,369,369,369,
369,3,369,369,369,
369,3,369,369,369,
369,2,369,369,
369,2,369,369,
369,2,369,369,
369,2,369,369,
370,5,370,370,370,370,370,
370,3,370,370,370,
370,3,370,370,370,
370,3,370,370,370,
370,2,370,370,
370,2,370,370,
370,2,370,370,
370,2,370,370,
370,2,370,370,
370,2,370,370,
371,3,371,371,371,
371,3,371,371,371,
371,3,371,371,371,
371,3,371,371,371,
371,3,371,371,371,
371,3,371,371,371,
371,3,371,371,371,
371,2,371,371,
371,2,371,371,
371,2,371,371,
372,4,372,372,372,372,
372,3,372,372,372,
372,3,372,372,372,
372,3,372,372,372,
372,2,372,372,
372,2,372,372,
372,2,372,372,
372,2,372,372,
372,2,372,372,
372,2,372,372,
373,4,373,373,373,373,
373,3,373,373,373,
373,3,373,373,373,
373,3,373,373,373,
373,2,373,373,
373,2,373,373,
373,2,373,373,
373,2,373,373,
373,2,373,373,
373,2,373,373,
374,4,374,374,374,374,
374,3,374,374,374,
374,3,374,374,374,
374,3,374,374,374,
374,3,374,374,374,
374,3,374,374,374,
374,3,374,374,374,
374,2,374,374,
374,2,374,374,
374,2,374,374,
375,4,375,375,375,375,
375,3,375,375,375,
375,3,375,375,375,
375,3,375,375,375,
375,3,375,375,375,
375,2,375,375,
375,2,375,375,
375,2,375,375,
375,2,375,375,
375,2,375,375,
376,3,376,376,376,
376,3,376,376,376,
376,3,376,376,376,
376,3,376,376,376,
376,3,376,376,376,
376,3,376,376,376,
376,3,376,376,376,
376,3,376,376,376,
376,3,376,376,376,
376,3,376,376,376,
377,3,377,377,377,
377,3,377,377,377,
377,3,377,377,377,
377,3,377,377,377,
377,3,377,377,377,
377,2,377,377,
377,2,377,377,
377,2,377,377,
377,2,377,377,
377,2,377,377,
378,3,378,378,378,
378,3,378,378,378,
378,3,378,378,378,
378,3,378,378,378,
378,3,378,378,378,
378,3,378,378,378,
378,3,378,378,378,
378,2,378,378,
378,2,378,378,
378,2,378,378,
379,3,379,379,379,
379,3,379,379,379,
379,3,379,379,379,
379,3,379,379,379,
379,3,379,379,379,
379,3,379,379,379,
379,3,379,379,379,
379,3,379,379,379,
379,2,379,379,
379,2,379,379,
380,3,380,380,380,
380,3,380,380,380,
380,3,380,380,380,
380,2,380,380,
380,2,380,380,
380,2,380,380,
380,2,380,380,
380,2,380,380,
380,2,380,380,
380,2,380,380,
381,3,381,381,381,
381,3,381,381,381,
381,3,381,381,381,
381,3,381,381,381,
381,3,381,381,381,
381,3,381,381,381,
381,2,381,381,
381,2,381,381,
381,2,381,381,
381,2,381,381,
382,3,382,382,382,
382,3,382,382,382,
382,3,382,382,382,
382,3,382,382,382,
382,3,382,382,382,
382,2,382,382,
382,2,382,382,
382,2,382,382,
382,2,382,382,
382,2,382,382,
383,4,383,383,383,383,
383,3,383,383,383,
383,3,383,383,383,
383,3,383,383,383,
383,3,383,383,383,
383,3,383,383,383,
383,3,383,383,383,
383,3,383,383,383,
383,2,383,383,
383,2,383,383,
384,5,384,384,384,384,384,
384,3,384,384,384,
384,3,384,384,384,
384,3,384,384,384,
384,3,384,384,384,
384,3,384,384,384,
384,3,384,384,384,
384,3,384,384,384,
384,3,384,384,384,
384,2,384,384,
385,3,385,385,385,
385,3,385,385,385,
385,2,385,385,
385,2,385,385,
385,2,385,385,
385,2,385,385,
385,2,385,385,
385,2,385,385,
385,2,385,385,
385,2,385,385,
386,4,386,386,386,386,
386,3,386,386,386,
386,3,386,386,386,
386,3,386,386,386,
386,2,386,386,
386,2,386,386,
386,2,386,386,
386,2,386,386,
386,2,386,386,
386,2,386,386,
387,3,387,387,387,
387,3,387,387,387,
387,3,387,387,387,
387,3,387,387,387,
387,3,387,387,387,
387,2,387,387,
387,2,387,387,
387,2,387,387,
387,2,387,387,
387,2,387,387,
388,3,388,388,388,
388,2,388,388,
388,2,388,388,
388,2,388,388,
388,2,388,388,
388,2,388,388,
388,2,388,388,
388,2,388,388,
388,2,388,388,
388,2,388,388,
389,3,389,389,389,
389,3,389,389,389,
389,3,389,389,389,
389,2,389,389,
389,2,389,389,
389,2,389,389,
389,2,389,389,
389,2,389,389,
389,2,389,389,
389,2,389,389,
390,2,390,390,
390,2,390,390,
390,2,390,390,
390,2,390,390,
390,2,390,390,
390,2,390,390,
390,2,390,390,
390,2,390,390,
390,2,390,390,
390,2,390,390,
391,3,391,391,391,
391,2,391,391,
391,2,391,391,
391,2,391,391,
391,2,391,391,
391,2,391,391,
391,2,391,391,
391,2,391,391,
391,2,391,391,
391,2,391,391,
392,3,392,392,392,
392,3,392,392,392,
392,2,392,392,
392,2,392,392,
392,2,392,392,
392,2,392,392,
392,2,392,392,
392,2,392,392,
392,2,392,392,
392,2,392,392,
393,3,393,393,393,
393,2,393,393,
393,2,393,393,
393,2,393,393,
393,2,393,393,
393,2,393,393,
393,2,393,393,
393,2,393,393,
393,2,393,393,
393,2,393,393,
394,3,394,394,394,
394,2,394,394,
394,2,394,394,
394,2,394,394,
394,2,394,394,
394,2,394,394,
394,2,394,394,
394,2,394,394,
394,2,394,394,
394,2,394,394,
395,3,395,395,395,
395,2,395,395,
395,2,395,395,
395,2,395,395,
395,2,395,395,
395,2,395,395,
395,2,395,395,
395,2,395,395,
395,2,395,395,
395,2,395,395,
396,3,396,396,396,
396,3,396,396,396,
396,3,396,396,396,
396,2,396,396,
396,2,396,396,
396,2,396,396,
396,2,396,396,
396,2,396,396,
396,2,396,396,
396,2,396,396,
397,4,397,397,397,397,
397,3,397,397,397,
397,3,397,397,397,
397,3,397,397,397,
397,3,397,397,397,
397,2,397,397,
397,2,397,397,
397,2,397,397,
397,2,397,397,
397,2,397,397,
398,4,398,398,398,398,
398,3,398,398,398,
398,3,398,398,398,
398,3,398,398,398,
398,3,398,398,398,
398,3,398,398,398,
398,3,398,398,398,
398,2,398,398,
398,2,398,398,
398,2,398,398,
399,4,399,399,399,399,
399,3,399,399,399,
399,3,399,399,399,
399,3,399,399,399,
399,2,399,399,
399,2,399,399,
399,2,399,399,
399,2,399,399,
399,2,399,399,
399,2,399,399,
400,3,400,400,400,
400,3,400,400,400,
400,2,400,400,
400,2,400,400,
400,2,400,400,
400,2,400,400,
400,2,400,400,
400,2,400,400,
400,2,400,400,
400,2,400,400,
401,4,401,401,401,401,
401,3,401,401,401,
401,3,401,401,401,
401,3,401,401,401,
401,3,401,401,401,
401,3,401,401,401,
401,3,401,401,401,
401,3,401,401,401,
401,2,401,401,
401,2,401,401,
402,5,402,402,402,402,402,
402,4,402,402,402,402,
402,3,402,402,402,
402,3,402,402,402,
402,3,402,402,402,
402,3,402,402,402,
402,3,402,402,402,
402,3,402,402,402,
402,3,402,402,402,
402,3,402,402,402,
403,4,403,403,403,403,
403,4,403,403,403,403,
403,4,403,403,403,403,
403,4,403,403,403,403,
403,3,403,403,403,
403,3,403,403,403,
403,3,403,403,403,
403,3,403,403,403,
403,3,403,403,403,
403,3,403,403,403,
404,4,404,404,404,404,
404,4,404,404,404,404,
404,4,404,404,404,404,
404,4,404,404,404,404,
404,3,404,404,404,
404,3,404,404,404,
404,3,404,404,404,
404,3,404,404,404,
404,3,404,404,404,
404,3,404,404,404,
405,5,405,405,405,405,405,
405,4,405,405,405,405,
405,4,405,405,405,405,
405,3,405,405,405,
405,3,405,405,405,
405,3,405,405,405,
405,3,405,405,405,
405,3,405,405,405,
405,3,405,405,405,
405,3,405,405,405,
406,5,406,406,406,406,406,
406,4,406,406,406,406,
406,3,406,406,406,
406,3,406,406,406,
406,3,406,406,406,
406,3,406,406,406,
406,2,406,406,
406,2,406,406,
406,2,406,406,
406,2,406,406,
407,4,407,407,407,407,
407,4,407,407,407,407,
407,3,407,407,407,
407,3,407,407,407,
407,3,407,407,407,
407,3,407,407,407,
407,3,407,407,407,
407,3,407,407,407,
407,3,407,407,407,
407,3,407,407,407,
408,4,408,408,408,408,
408,3,408,408,408,
408,3,408,408,408,
408,3,408,408,408,
408,3,408,408,408,
408,3,408,408,408,
408,3,408,408,408,
408,3,408,408,408,
408,2,408,408,
408,2,408,408,
409,3,409,409,409,
409,3,409,409,409,
409,3,409,409,409,
409,2,409,409,
409,2,409,409,
409,2,409,409,
409,2,409,409,
409,2,409,409,
409,2,409,409,
409,2,409,409,
410,3,410,410,410,
410,3,410,410,410,
410,3,410,410,410,
410,3,410,410,410,
410,3,410,410,410,
410,2,410,410,
410,2,410,410,
410,2,410,410,
410,2,410,410,
410,2,410,410,
411,3,411,411,411,
411,3,411,411,411,
411,3,411,411,411,
411,2,411,411,
411,2,411,411,
411,2,411,411,
411,2,411,411,
411,2,411,411,
411,2,411,411,
411,2,411,411,
412,3,412,412,412,
412,2,412,412,
412,2,412,412,
412,2,412,412,
412,2,412,412,
412,2,412,412,
412,2,412,412,
412,2,412,412,
412,2,412,412,
412,2,412,412,
413,3,413,413,413,
413,3,413,413,413,
413,3,413,413,413,
413,2,413,413,
413,2,413,413,
413,2,413,413,
413,2,413,413,
413,2,413,413,
413,2,413,413,
413,2,413,413,
414,3,414,414,414,
414,3,414,414,414,
414,3,414,414,414,
414,2,414,414,
414,2,414,414,
414,2,414,414,
414,2,414,414,
414,2,414,414,
414,2,414,414,
414,2,414,414,
415,3,415,415,415,
415,3,415,415,415,
415,2,415,415,
415,2,415,415,
415,2,415,415,
415,2,415,415,
415,2,415,415,
415,2,415,415,
415,2,415,415,
415,2,415,415,
416,3,416,416,416,
416,3,416,416,416,
416,3,416,416,416,
416,2,416,416,
416,2,416,416,
416,2,416,416,
416,2,416,416,
416,2,416,416,
416,2,416,416,
416,2,416,416,
417,4,417,417,417,417,
417,3,417,417,417,
417,3,417,417,417,
417,3,417,417,417,
417,3,417,417,417,
417,3,417,417,417,
417,2,417,417,
417,2,417,417,
417,2,417,417,
417,2,417,417,
418,3,418,418,418,
418,3,418,418,418,
418,3,418,418,418,
418,2,418,418,
418,2,418,418,
418,2,418,418,
418,2,418,418,
418,2,418,418,
418,2,418,418,
418,2,418,418,
419,3,419,419,419,
419,3,419,419,419,
419,3,419,419,419,
419,2,419,419,
419,2,419,419,
419,2,419,419,
419,2,419,419,
419,2,419,419,
419,2,419,419,
419,2,419,419,
420,3,420,420,420,
420,3,420,420,420,
420,3,420,420,420,
420,3,420,420,420,
420,3,420,420,420,
420,3,420,420,420,
420,2,420,420,
420,2,420,420,
420,2,420,420,
420,2,420,420,
421,3,421,421,421,
421,3,421,421,421,
421,3,421,421,421,
421,2,421,421,
421,2,421,421,
421,2,421,421,
421,2,421,421,
421,2,421,421,
421,2,421,421,
421,2,421,421,
422,4,422,422,422,422,
422,3,422,422,422,
422,3,422,422,422,
422,3,422,422,422,
422,3,422,422,422,
422,3,422,422,422,
422,2,422,422,
422,2,422,422,
422,2,422,422,
422,2,422,422,
423,2,423,423,
423,2,423,423,
423,2,423,423,
423,2,423,423,
423,2,423,423,
423,2,423,423,
423,2,423,423,
423,2,423,423,
423,2,423,423,
423,2,423,423,
424,3,424,424,424,
424,3,424,424,424,
424,3,424,424,424,
424,2,424,424,
424,2,424,424,
424,2,424,424,
424,2,424,424,
424,2,424,424,
424,2,424,424,
424,2,424,424,
425,3,425,425,425,
425,3,425,425,425,
425,2,425,425,
425,2,425,425,
425,2,425,425,
425,2,425,425,
425,2,425,425,
425,2,425,425,
425,2,425,425,
425,2,425,425,
426,3,426,426,426,
426,3,426,426,426,
426,3,426,426,426,
426,3,426,426,426,
426,3,426,426,426,
426,2,426,426,
426,2,426,426,
426,2,426,426,
426,2,426,426,
426,2,426,426,
427,3,427,427,427,
427,3,427,427,427,
427,3,427,427,427,
427,3,427,427,427,
427,3,427,427,427,
427,2,427,427,
427,2,427,427,
427,2,427,427,
427,2,427,427,
427,2,427,427,
428,3,428,428,428,
428,3,428,428,428,
428,3,428,428,428,
428,3,428,428,428,
428,3,428,428,428,
428,3,428,428,428,
428,2,428,428,
428,2,428,428,
428,2,428,428,
428,2,428,428,
429,4,429,429,429,429,
429,3,429,429,429,
429,3,429,429,429,
429,3,429,429,429,
429,2,429,429,
429,2,429,429,
429,2,429,429,
429,2,429,429,
429,2,429,429,
429,2,429,429,
430,4,430,430,430,430,
430,4,430,430,430,430,
430,3,430,430,430,
430,3,430,430,430,
430,3,430,430,430,
430,3,430,430,430,
430,3,430,430,430,
430,3,430,430,430,
430,3,430,430,430,
430,3,430,430,430,
431,4,431,431,431,431,
431,3,431,431,431,
431,3,431,431,431,
431,3,431,431,431,
431,3,431,431,431,
431,3,431,431,431,
431,2,431,431,
431,2,431,431,
431,2,431,431,
431,2,431,431,
432,4,432,432,432,432,
432,4,432,432,432,432,
432,3,432,432,432,
432,3,432,432,432,
432,3,432,432,432,
432,3,432,432,432,
432,3,432,432,432,
432,3,432,432,432,
432,2,432,432,
432,2,432,432,
433,4,433,433,433,433,
433,3,433,433,433,
433,3,433,433,433,
433,3,433,433,433,
433,3,433,433,433,
433,3,433,433,433,
433,3,433,433,433,
433,3,433,433,433,
433,3,433,433,433,
433,3,433,433,433,
434,4,434,434,434,434,
434,4,434,434,434,434,
434,3,434,434,434,
434,3,434,434,434,
434,3,434,434,434,
434,3,434,434,434,
434,3,434,434,434,
434,2,434,434,
434,2,434,434,
434,2,434,434,
435,4,435,435,435,435,
435,3,435,435,435,
435,3,435,435,435,
435,3,435,435,435,
435,3,435,435,435,
435,3,435,435,435,
435,3,435,435,435,
435,3,435,435,435,
435,3,435,435,435,
435,3,435,435,435,
436,3,436,436,436,
436,3,436,436,436,
436,3,436,436,436,
436,3,436,436,436,
436,3,436,436,436,
436,3,436,436,436,
436,3,436,436,436,
436,2,436,436,
436,2,436,436,
436,2,436,436,
437,3,437,437,437,
437,3,437,437,437,
437,3,437,437,437,
437,2,437,437,
437,2,437,437,
437,2,437,437,
437,2,437,437,
437,2,437,437,
437,2,437,437,
437,2,437,437,
438,4,438,438,438,438,
438,3,438,438,438,
438,3,438,438,438,
438,3,438,438,438,
438,2,438,438,
438,2,438,438,
438,2,438,438,
438,2,438,438,
438,2,438,438,
438,2,438,438,
439,4,439,439,439,439,
439,3,439,439,439,
439,3,439,439,439,
439,3,439,439,439,
439,3,439,439,439,
439,3,439,439,439,
439,2,439,439,
439,2,439,439,
439,2,439,439,
439,2,439,439,
440,3,440,440,440,
440,3,440,440,440,
440,3,440,440,440,
440,3,440,440,440,
440,3,440,440,440,
440,2,440,440,
440,2,440,440,
440,2,440,440,
440,2,440,440,
440,2,440,440,
441,4,441,441,441,441,
441,4,441,441,441,441,
441,3,441,441,441,
441,3,441,441,441,
441,3,441,441,441,
441,3,441,441,441,
441,3,441,441,441,
441,3,441,441,441,
441,3,441,441,441,
441,3,441,441,441,
442,4,442,442,442,442,
442,3,442,442,442,
442,3,442,442,442,
442,3,442,442,442,
442,3,442,442,442,
442,3,442,442,442,
442,2,442,442,
442,2,442,442,
442,2,442,442,
442,2,442,442,
443,4,443,443,443,443,
443,3,443,443,443,
443,3,443,443,443,
443,3,443,443,443,
443,3,443,443,443,
443,3,443,443,443,
443,3,443,443,443,
443,3,443,443,443,
443,3,443,443,443,
443,3,443,443,443,
444,3,444,444,444,
444,3,444,444,444,
444,3,444,444,444,
444,3,444,444,444,
444,3,444,444,444,
444,3,444,444,444,
444,2,444,444,
444,2,444,444,
444,2,444,444,
444,2,444,444,
445,4,445,445,445,445,
445,3,445,445,445,
445,3,445,445,445,
445,3,445,445,445,
445,3,445,445,445,
445,3,445,445,445,
445,3,445,445,445,
445,3,445,445,445,
445,3,445,445,445,
445,3,445,445,445,
446,5,446,446,446,446,446,
446,4,446,446,446,446,
446,3,446,446,446,
446,3,446,446,446,
446,3,446,446,446,
446,3,446,446,446,
446,2,446,446,
446,2,446,446,
446,2,446,446,
446,2,446,446,
447,4,447,447,447,447,
447,3,447,447,447,
447,3,447,447,447,
447,3,447,447,447,
447,3,447,447,447,
447,2,447,447,
447,2,447,447,
447,2,447,447,
447,2,447,447,
447,2,447,447,
448,4,448,448,448,448,
448,3,448,448,448,
448,3,448,448,448,
448,3,448,448,448,
448,3,448,448,448,
448,3,448,448,448,
448,3,448,448,448,
448,3,448,448,448,
448,3,448,448,448,
448,3,448,448,448,
449,5,449,449,449,449,449,
449,4,449,449,449,449,
449,3,449,449,449,
449,3,449,449,449,
449,3,449,449,449,
449,3,449,449,449,
449,2,449,449,
449,2,449,449,
449,2,449,449,
449,2,449,449,
450,4,450,450,450,450,
450,3,450,450,450,
450,3,450,450,450,
450,2,450,450,
450,2,450,450,
450,2,450,450,
450,2,450,450,
450,2,450,450,
450,2,450,450,
450,2,450,450,
451,4,451,451,451,451,
451,3,451,451,451,
451,3,451,451,451,
451,3,451,451,451,
451,2,451,451,
451,2,451,451,
451,2,451,451,
451,2,451,451,
451,2,451,451,
451,2,451,451,
452,3,452,452,452,
452,3,452,452,452,
452,3,452,452,452,
452,3,452,452,452,
452,2,452,452,
452,2,452,452,
452,2,452,452,
452,2,452,452,
452,2,452,452,
452,2,452,452,
453,3,453,453,453,
453,2,453,453,
453,2,453,453,
453,2,453,453,
453,2,453,453,
453,2,453,453,
453,2,453,453,
453,2,453,453,
453,2,453,453,
453,2,453,453,
454,3,454,454,454,
454,3,454,454,454,
454,3,454,454,454,
454,3,454,454,454,
454,2,454,454,
454,2,454,454,
454,2,454,454,
454,2,454,454,
454,2,454,454,
454,2,454,454,
455,4,455,455,455,455,
455,3,455,455,455,
455,2,455,455,
455,2,455,455,
455,2,455,455,
455,2,455,455,
455,2,455,455,
455,2,455,455,
455,2,455,455,
455,2,455,455,
456,3,456,456,456,
456,3,456,456,456,
456,2,456,456,
456,2,456,456,
456,2,456,456,
456,2,456,456,
456,2,456,456,
456,2,456,456,
456,2,456,456,
456,2,456,456,
457,4,457,457,457,457,
457,4,457,457,457,457,
457,3,457,457,457,
457,3,457,457,457,
457,3,457,457,457,
457,3,457,457,457,
457,2,457,457,
457,2,457,457,
457,2,457,457,
457,2,457,457,
458,3,458,458,458,
458,3,458,458,458,
458,2,458,458,
458,2,458,458,
458,2,458,458,
458,2,458,458,
458,2,458,458,
458,2,458,458,
458,2,458,458,
458,2,458,458,
459,2,459,459,
459,2,459,459,
459,2,459,459,
459,2,459,459,
459,2,459,459,
459,2,459,459,
459,2,459,459,
459,2,459,459,
459,2,459,459,
459,2,459,459,
460,3,460,460,460,
460,3,460,460,460,
460,3,460,460,460,
460,3,460,460,460,
460,3,460,460,460,
460,3,460,460,460,
460,2,460,460,
460,2,460,460,
460,2,460,460,
460,2,460,460,
461,2,461,461,
461,2,461,461,
461,2,461,461,
461,2,461,461,
461,2,461,461,
461,2,461,461,
461,2,461,461,
461,2,461,461,
461,2,461,461,
461,2,461,461,
462,3,462,462,462,
462,3,462,462,462,
462,2,462,462,
462,2,462,462,
462,2,462,462,
462,2,462,462,
462,2,462,462,
462,2,462,462,
462,2,462,462,
462,2,462,462,
463,3,463,463,463,
463,3,463,463,463,
463,3,463,463,463,
463,2,463,463,
463,2,463,463,
463,2,463,463,
463,2,463,463,
463,2,463,463,
463,2,463,463,
463,2,463,463,
464,3,464,464,464,
464,3,464,464,464,
464,2,464,464,
464,2,464,464,
464,2,464,464,
464,2,464,464,
464,2,464,464,
464,2,464,464,
464,2,464,464,
464,2,464,464,
465,3,465,465,465,
465,2,465,465,
465,2,465,465,
465,2,465,465,
465,2,465,465,
465,2,465,465,
465,2,465,465,
465,2,465,465,
465,2,465,465,
465,2,465,465,
466,3,466,466,466,
466,2,466,466,
466,2,466,466,
466,2,466,466,
466,2,466,466,
466,2,466,466,
466,2,466,466,
466,2,466,466,
466,2,466,466,
466,2,466,466,
467,4,467,467,467,467,
467,3,467,467,467,
467,3,467,467,467,
467,2,467,467,
467,2,467,467,
467,2,467,467,
467,2,467,467,
467,2,467,467,
467,2,467,467,
467,2,467,467,
468,5,468,468,468,468,468,
468,3,468,468,468,
468,3,468,468,468,
468,3,468,468,468,
468,3,468,468,468,
468,3,468,468,468,
468,3,468,468,468,
468,2,468,468,
468,2,468,468,
468,2,468,468,
469,4,469,469,469,469,
469,3,469,469,469,
469,3,469,469,469,
469,3,469,469,469,
469,3,469,469,469,
469,3,469,469,469,
469,3,469,469,469,
469,3,469,469,469,
469,3,469,469,469,
469,3,469,469,469,
470,4,470,470,470,470,
470,3,470,470,470,
470,3,470,470,470,
470,3,470,470,470,
470,2,470,470,
470,2,470,470,
470,2,470,470,
470,2,470,470,
470,2,470,470,
470,2,470,470,
471,3,471,471,471,
471,3,471,471,471,
471,3,471,471,471,
471,3,471,471,471,
471,2,471,471,
471,2,471,471,
471,2,471,471,
471,2,471,471,
471,2,471,471,
471,2,471,471,
472,3,472,472,472,
472,3,472,472,472,
472,3,472,472,472,
472,2,472,472,
472,2,472,472,
472,2,472,472,
472,2,472,472,
472,2,472,472,
472,2,472,472,
472,2,472,472,
473,3,473,473,473,
473,2,473,473,
473,2,473,473,
473,2,473,473,
473,2,473,473,
473,2,473,473,
473,2,473,473,
473,2,473,473,
473,2,473,473,
473,2,473,473,
474,3,474,474,474,
474,2,474,474,
474,2,474,474,
474,2,474,474,
474,2,474,474,
474,2,474,474,
474,2,474,474,
474,2,474,474,
474,2,474,474,
474,2,474,474,
475,3,475,475,475,
475,3,475,475,475,
475,3,475,475,475,
475,3,475,475,475,
475,3,475,475,475,
475,3,475,475,475,
475,3,475,475,475,
475,3,475,475,475,
475,3,475,475,475,
475,2,475,475,
476,3,476,476,476,
476,3,476,476,476,
476,3,476,476,476,
476,3,476,476,476,
476,3,476,476,476,
476,3,476,476,476,
476,2,476,476,
476,2,476,476,
476,2,476,476,
476,2,476,476,
477,3,477,477,477,
477,2,477,477,
477,2,477,477,
477,2,477,477,
477,2,477,477,
477,2,477,477,
477,2,477,477,
477,2,477,477,
477,2,477,477,
477,2,477,477,
478,3,478,478,478,
478,3,478,478,478,
478,3,478,478,478,
478,2,478,478,
478,2,478,478,
478,2,478,478,
478,2,478,478,
478,2,478,478,
478,2,478,478,
478,2,478,478,
479,3,479,479,479,
479,3,479,479,479,
479,3,479,479,479,
479,3,479,479,479,
479,2,479,479,
479,2,479,479,
479,2,479,479,
479,2,479,479,
479,2,479,479,
479,2,479,479,
480,3,480,480,480,
480,3,480,480,480,
480,2,480,480,
480,2,480,480,
480,2,480,480,
480,2,480,480,
480,2,480,480,
480,2,480,480,
480,2,480,480,
480,2,480,480,
481,3,481,481,481,
481,2,481,481,
481,2,481,481,
481,2,481,481,
481,2,481,481,
481,2,481,481,
481,2,481,481,
481,2,481,481,
481,2,481,481,
481,2,481,481,
482,3,482,482,482,
482,2,482,482,
482,2,482,482,
482,2,482,482,
482,2,482,482,
482,2,482,482,
482,2,482,482,
482,2,482,482,
482,2,482,482,
482,2,482,482,
483,3,483,483,483,
483,3,483,483,483,
483,2,483,483,
483,2,483,483,
483,2,483,483,
483,2,483,483,
483,2,483,483,
483,2,483,483,
483,2,483,483,
483,2,483,483,
484,4,484,484,484,484,
484,3,484,484,484,
484,3,484,484,484,
484,3,484,484,484,
484,3,484,484,484,
484,3,484,484,484,
484,3,484,484,484,
484,3,484,484,484,
484,3,484,484,484,
484,3,484,484,484,
485,4,485,485,485,485,
485,3,485,485,485,
485,3,485,485,485,
485,3,485,485,485,
485,3,485,485,485,
485,3,485,485,485,
485,3,485,485,485,
485,3,485,485,485,
485,3,485,485,485,
485,3,485,485,485,
486,4,486,486,486,486,
486,3,486,486,486,
486,3,486,486,486,
486,3,486,486,486,
486,3,486,486,486,
486,3,486,486,486,
486,3,486,486,486,
486,2,486,486,
486,2,486,486,
486,2,486,486,
487,4,487,487,487,487,
487,3,487,487,487,
487,2,487,487,
487,2,487,487,
487,2,487,487,
487,2,487,487,
487,2,487,487,
487,2,487,487,
487,2,487,487,
487,2,487,487,
488,3,488,488,488,
488,3,488,488,488,
488,3,488,488,488,
488,2,488,488,
488,2,488,488,
488,2,488,488,
488,2,488,488,
488,2,488,488,
488,2,488,488,
488,2,488,488,
489,3,489,489,489,
489,3,489,489,489,
489,3,489,489,489,
489,2,489,489,
489,2,489,489,
489,2,489,489,
489,2,489,489,
489,2,489,489,
489,2,489,489,
489,2,489,489,
490,3,490,490,490,
490,3,490,490,490,
490,3,490,490,490,
490,3,490,490,490,
490,3,490,490,490,
490,3,490,490,490,
490,3,490,490,490,
490,3,490,490,490,
490,3,490,490,490,
490,2,490,490,
491,3,491,491,491,
491,3,491,491,491,
491,3,491,491,491,
491,3,491,491,491,
491,3,491,491,491,
491,3,491,491,491,
491,3,491,491,491,
491,2,491,491,
491,2,491,491,
491,2,491,491,
492,3,492,492,492,
492,2,492,492,
492,2,492,492,
492,2,492,492,
492,2,492,492,
492,2,492,492,
492,2,492,492,
492,2,492,492,
492,2,492,492,
492,2,492,492,
493,4,493,493,493,493,
493,3,493,493,493,
493,2,493,493,
493,2,493,493,
493,2,493,493,
493,2,493,493,
493,2,493,493,
493,2,493,493,
493,2,493,493,
493,2,493,493,
494,3,494,494,494,
494,3,494,494,494,
494,3,494,494,494,
494,3,494,494,494,
494,3,494,494,494,
494,2,494,494,
494,2,494,494,
494,2,494,494,
494,2,494,494,
494,2,494,494,
495,4,495,495,495,495,
495,3,495,495,495,
495,2,495,495,
495,2,495,495,
495,2,495,495,
495,2,495,495,
495,2,495,495,
495,2,495,495,
495,2,495,495,
495,2,495,495,
496,3,496,496,496,
496,3,496,496,496,
496,3,496,496,496,
496,2,496,496,
496,2,496,496,
496,2,496,496,
496,2,496,496,
496,2,496,496,
496,2,496,496,
496,2,496,496,
497,3,497,497,497,
497,2,497,497,
497,2,497,497,
497,2,497,497,
497,2,497,497,
497,2,497,497,
497,2,497,497,
497,2,497,497,
497,2,497,497,
497,2,497,497,
498,2,498,498,
498,2,498,498,
498,2,498,498,
498,2,498,498,
498,2,498,498,
498,2,498,498,
498,2,498,498,
498,2,498,498,
498,2,498,498,
498,2,498,498,
499,3,499,499,499,
499,3,499,499,499,
499,2,499,499,
499,2,499,499,
499,2,499,499,
499,2,499,499,
499,2,499,499,
499,2,499,499,
499,2,499,499,
499,2,499,499,
500,3,500,500,500,
500,3,500,500,500,
500,2,500,500,
500,2,500,500,
500,2,500,500,
500,2,500,500,
500,2,500,500,
500,2,500,500,
500,2,500,500,
500,2,500,500,
501,3,501,501,501,
501,2,501,501,
501,2,501,501,
501,2,501,501,
501,2,501,501,
501,2,501,501,
501,2,501,501,
501,2,501,501,
501,2,501,501,
501,2,501,501,
502,3,502,502,502,
502,3,502,502,502,
502,3,502,502,502,
502,2,502,502,
502,2,502,502,
502,2,502,502,
502,2,502,502,
502,2,502,502,
502,2,502,502,
502,2,502,502,
503,2,503,503,
503,2,503,503,
503,2,503,503,
503,2,503,503,
503,2,503,503,
503,2,503,503,
503,2,503,503,
503,2,503,503,
503,2,503,503,
503,2,503,503,
504,3,504,504,504,
504,3,504,504,504,
504,3,504,504,504,
504,3,504,504,504,
504,2,504,504,
504,2,504,504,
504,2,504,504,
504,2,504,504,
504,2,504,504,
504,2,504,504,
505,3,505,505,505,
505,3,505,505,505,
505,3,505,505,505,
505,3,505,505,505,
505,3,505,505,505,
505,2,505,505,
505,2,505,505,
505,2,505,505,
505,2,505,505,
505,2,505,505,
506,3,506,506,506,
506,2,506,506,
506,2,506,506,
506,2,506,506,
506,2,506,506,
506,2,506,506,
506,2,506,506,
506,2,506,506,
506,2,506,506,
506,2,506,506,
507,3,507,507,507,
507,2,507,507,
507,2,507,507,
507,2,507,507,
507,2,507,507,
507,2,507,507,
507,2,507,507,
507,2,507,507,
507,2,507,507,
507,2,507,507,
508,3,508,508,508,
508,2,508,508,
508,2,508,508,
508,2,508,508,
508,2,508,508,
508,2,508,508,
508,2,508,508,
508,2,508,508,
508,2,508,508,
508,2,508,508,
509,3,509,509,509,
509,3,509,509,509,
509,2,509,509,
509,2,509,509,
509,2,509,509,
509,2,509,509,
509,2,509,509,
509,2,509,509,
509,2,509,509,
509,2,509,509,
510,3,510,510,510,
510,2,510,510,
510,2,510,510,
510,2,510,510,
510,2,510,510,
510,2,510,510,
510,2,510,510,
510,2,510,510,
510,2,510,510,
510,2,510,510,
511,3,511,511,511,
511,3,511,511,511,
511,2,511,511,
511,2,511,511,
511,2,511,511,
511,2,511,511,
511,2,511,511,
511,2,511,511,
511,2,511,511,
511,2,511,511,
512,4,512,512,512,512,
512,2,512,512,
512,2,512,512,
512,2,512,512,
512,2,512,512,
512,2,512,512,
512,2,512,512,
512,2,512,512,
512,2,512,512,
512,2,512,512,
513,4,513,513,513,513,
513,2,513,513,
513,2,513,513,
513,2,513,513,
513,2,513,513,
513,2,513,513,
513,2,513,513,
513,2,513,513,
513,2,513,513,
513,2,513,513,
514,3,514,514,514,
514,2,514,514,
514,2,514,514,
514,2,514,514,
514,2,514,514,
514,2,514,514,
514,2,514,514,
514,2,514,514,
514,2,514,514,
514,2,514,514,
515,3,515,515,515,
515,3,515,515,515,
515,2,515,515,
515,2,515,515,
515,2,515,515,
515,2,515,515,
515,2,515,515,
515,2,515,515,
515,2,515,515,
515,2,515,515,
516,3,516,516,516,
516,3,516,516,516,
516,3,516,516,516,
516,3,516,516,516,
516,2,516,516,
516,2,516,516,
516,2,516,516,
516,2,516,516,
516,2,516,516,
516,2,516,516,
517,2,517,517,
517,2,517,517,
517,2,517,517,
517,2,517,517,
517,2,517,517,
517,2,517,517,
517,2,517,517,
517,2,517,517,
517,2,517,517,
517,2,517,517,
518,2,518,518,
518,2,518,518,
518,2,518,518,
518,2,518,518,
518,2,518,518,
518,2,518,518,
518,2,518,518,
518,2,518,518,
518,2,518,518,
518,2,518,518,
519,2,519,519,
519,2,519,519,
519,2,519,519,
519,2,519,519,
519,2,519,519,
519,2,519,519,
519,2,519,519,
519,2,519,519,
519,2,519,519,
519,2,519,519,
520,2,520,520,
520,2,520,520,
520,2,520,520,
520,2,520,520,
520,2,520,520,
520,2,520,520,
520,2,520,520,
520,1,520,
520,1,520,
520,1,520,
521,2,521,521,
521,2,521,521,
521,1,521,
521,1,521,
521,1,521,
521,1,521,
521,1,521,
521,1,521,
521,1,521,
521,1,521,
522,3,522,522,522,
522,3,522,522,522,
522,2,522,522,
522,2,522,522,
522,2,522,522,
522,2,522,522,
522,2,522,522,
522,2,522,522,
522,2,522,522,
522,1,522,
523,4,523,523,523,523,
523,2,523,523,
523,2,523,523,
523,2,523,523,
523,2,523,523,
523,2,523,523,
523,2,523,523,
523,1,523,
523,1,523,
523,1,523,
524,2,524,524,
524,2,524,524,
524,2,524,524,
524,2,524,524,
524,2,524,524,
524,2,524,524,
524,1,524,
524,1,524,
524,1,524,
524,1,524,
525,4,525,525,525,525,
525,3,525,525,525,
525,2,525,525,
525,2,525,525,
525,2,525,525,
525,2,525,525,
525,2,525,525,
525,2,525,525,
525,1,525,
525,1,525,
526,2,526,526,
526,2,526,526,
526,2,526,526,
526,2,526,526,
526,2,526,526,
526,2,526,526,
526,2,526,526,
526,1,526,
526,1,526,
526,1,526,
527,2,527,527,
527,2,527,527,
527,2,527,527,
527,2,527,527,
527,2,527,527,
527,1,527,
527,1,527,
527,1,527,
527,1,527,
527,1,527,
528,3,528,528,528,
528,2,528,528,
528,2,528,528,
528,2,528,528,
528,2,528,528,
528,1,528,
528,1,528,
528,1,528,
528,1,528,
528,1,528,
529,3,529,529,529,
529,2,529,529,
529,2,529,529,
529,2,529,529,
529,2,529,529,
529,2,529,529,
529,2,529,529,
529,2,529,529,
529,1,529,
529,1,529,
530,2,530,530,
530,2,530,530,
530,2,530,530,
530,2,530,530,
530,1,530,
530,1,530,
530,1,530,
530,1,530,
530,1,530,
530,1,530,
531,3,531,531,531,
531,3,531,531,531,
531,2,531,531,
531,2,531,531,
531,2,531,531,
531,2,531,531,
531,1,531,
531,1,531,
531,1,531,
531,1,531,
532,3,532,532,532,
532,2,532,532,
532,2,532,532,
532,2,532,532,
532,2,532,532,
532,2,532,532,
532,2,532,532,
532,2,532,532,
532,2,532,532,
532,1,532,
533,2,533,533,
533,2,533,533,
533,1,533,
533,1,533,
533,1,533,
533,1,533,
533,1,533,
533,1,533,
533,1,533,
533,1,533,
534,2,534,534,
534,2,534,534,
534,2,534,534,
534,2,534,534,
534,2,534,534,
534,2,534,534,
534,2,534,534,
534,1,534,
534,1,534,
534,1,534,
535,2,535,535,
535,2,535,535,
535,2,535,535,
535,2,535,535,
535,1,535,
535,1,535,
535,1,535,
535,1,535,
535,1,535,
535,1,535,
536,2,536,536,
536,2,536,536,
536,2,536,536,
536,2,536,536,
536,2,536,536,
536,2,536,536,
536,2,536,536,
536,1,536,
536,1,536,
536,1,536,
537,2,537,537,
537,2,537,537,
537,2,537,537,
537,2,537,537,
537,1,537,
537,1,537,
537,1,537,
537,1,537,
537,1,537,
537,1,537,
538,1,538,
538,1,538,
538,1,538,
538,1,538,
538,1,538,
538,1,538,
538,1,538,
538,1,538,
538,1,538,
538,1,538,
539,1,539,
539,1,539,
539,1,539,
539,1,539,
539,1,539,
539,1,539,
539,1,539,
539,1,539,
539,1,539,
539,1,539,
540,1,540,
540,1,540,
540,1,540,
540,1,540,
540,1,540,
540,1,540,
540,1,540,
540,1,540,
540,1,540,
540,1,540,
541,2,541,541,
541,1,541,
541,1,541,
541,1,541,
541,1,541,
541,1,541,
541,1,541,
541,1,541,
541,1,541,
541,1,541,
542,3,542,542,542,
542,1,542,
542,1,542,
542,1,542,
542,1,542,
542,1,542,
542,1,542,
542,1,542,
542,1,542,
542,1,542,
543,3,543,543,543,
543,1,543,
543,1,543,
543,1,543,
543,1,543,
543,1,543,
543,1,543,
543,1,543,
543,1,543,
543,1,543,
544,1,544,
544,1,544,
544,1,544,
544,1,544,
544,1,544,
544,1,544,
544,1,544,
544,1,544,
544,1,544,
544,1,544,
545,1,545,
545,1,545,
545,1,545,
545,1,545,
545,1,545,
545,1,545,
545,1,545,
545,1,545,
545,1,545,
545,1,545,
546,3,546,546,546,
546,1,546,
546,1,546,
546,1,546,
546,1,546,
546,1,546,
546,1,546,
546,1,546,
546,1,546,
546,1,546,
547,2,547,547,
547,2,547,547,
547,1,547,
547,1,547,
547,1,547,
547,1,547,
547,1,547,
547,1,547,
547,1,547,
547,1,547,
548,2,548,548,
548,1,548,
548,1,548,
548,1,548,
548,1,548,
548,1,548,
548,1,548,
548,1,548,
548,1,548,
548,1,548,
549,1,549,
549,1,549,
549,1,549,
549,1,549,
549,1,549,
549,1,549,
549,1,549,
549,1,549,
549,1,549,
549,1,549,
550,1,550,
550,1,550,
550,1,550,
550,1,550,
550,1,550,
550,1,550,
550,1,550,
550,1,550,
550,1,550,
550,1,550,
551,1,551,
551,1,551,
551,1,551,
551,1,551,
551,1,551,
551,1,551,
551,1,551,
551,1,551,
551,1,551,
551,1,551,
552,1,552,
552,1,552,
552,1,552,
552,1,552,
552,1,552,
552,1,552,
552,1,552,
552,1,552,
552,1,552,
552,1,552,
553,1,553,
553,1,553,
553,1,553,
553,1,553,
553,1,553,
553,1,553,
553,1,553,
553,1,553,
553,1,553,
553,1,553,
554,1,554,
554,1,554,
554,1,554,
554,1,554,
554,1,554,
554,0,
554,0,
554,0,
554,0,
554,0,
555,1,555,
555,1,555,
555,1,555,
555,1,555,
555,1,555,
555,1,555,
555,1,555,
555,1,555,
555,0,
555,0,
556,1,556,
556,1,556,
556,1,556,
556,1,556,
556,1,556,
556,1,556,
556,1,556,
556,1,556,
556,0,
556,0,
557,1,557,
557,1,557,
557,1,557,
557,1,557,
557,1,557,
557,1,557,
557,1,557,
557,1,557,
557,1,557,
557,1,557,
558,1,558,
558,1,558,
558,1,558,
558,1,558,
558,1,558,
558,1,558,
558,1,558,
558,1,558,
558,1,558,
558,1,558,
559,1,559,
559,1,559,
559,1,559,
559,1,559,
559,1,559,
559,1,559,
559,1,559,
559,1,559,
559,1,559,
559,1,559,
560,1,560,
560,1,560,
560,1,560,
560,1,560,
560,1,560,
560,1,560,
560,1,560,
560,1,560,
560,1,560,
560,1,560,
561,1,561,
561,1,561,
561,1,561,
561,1,561,
561,1,561,
561,1,561,
561,1,561,
561,1,561,
561,1,561,
561,1,561,
562,1,562,
562,1,562,
562,1,562,
562,1,562,
562,1,562,
562,1,562,
562,1,562,
562,1,562,
562,1,562,
562,1,562,
563,1,563,
563,1,563,
563,1,563,
563,1,563,
563,1,563,
563,1,563,
563,1,563,
563,1,563,
563,1,563,
563,1,563,
564,1,564,
564,1,564,
564,1,564,
564,1,564,
564,1,564,
564,1,564,
564,1,564,
564,1,564,
564,1,564,
564,1,564,
565,1,565,
565,1,565,
565,1,565,
565,1,565,
565,1,565,
565,1,565,
565,1,565,
565,1,565,
565,1,565,
565,1,565,
566,1,566,
566,1,566,
566,1,566,
566,1,566,
566,1,566,
566,1,566,
566,1,566,
566,1,566,
566,1,566,
566,0,
567,1,567,
567,1,567,
567,1,567,
567,1,567,
567,1,567,
567,1,567,
567,0,
567,0,
567,0,
567,0,
568,1,568,
568,1,568,
568,1,568,
568,1,568,
568,1,568,
568,1,568,
568,0,
568,0,
568,0,
568,0,
569,1,569,
569,1,569,
569,1,569,
569,1,569,
569,1,569,
569,0,
569,0,
569,0,
569,0,
569,0,
570,1,570,
570,1,570,
570,1,570,
570,1,570,
570,1,570,
570,1,570,
570,1,570,
570,0,
570,0,
570,0,
571,1,571,
571,1,571,
571,1,571,
571,1,571,
571,1,571,
571,1,571,
571,1,571,
571,0,
571,0,
571,0,
572,1,572,
572,1,572,
572,1,572,
572,1,572,
572,1,572,
572,1,572,
572,0,
572,0,
572,0,
572,0,
573,1,573,
573,1,573,
573,1,573,
573,1,573,
573,1,573,
573,1,573,
573,0,
573,0,
573,0,
573,0,
574,1,574,
574,1,574,
574,1,574,
574,0,
574,0,
574,0,
574,0,
574,0,
574,0,
574,0,
575,1,575,
575,1,575,
575,1,575,
575,0,
575,0,
575,0,
575,0,
575,0,
575,0,
575,0,
576,1,576,
576,1,576,
576,0,
576,0,
576,0,
576,0,
576,0,
576,0,
576,0,
576,0,
577,1,577,
577,0,
577,0,
577,0,
577,0,
577,0,
577,0,
577,0,
577,0,
577,0,
578,1,578,
578,0,
578,0,
578,0,
578,0,
578,0,
578,0,
578,0,
578,0,
578,0,
