2336,196,128,217,86,72,8,116,30,72,137,82,137,180,2,20,55,116,7,220,183,154,59,141,248,172,134,23,19,66,18,165,5,15,82,176,197,94,61,104,62,44,64,112,41,206,172,4,73,60,50,33
3354,193,156,44,12,154,124,71,65,125,47,34,71,58,140,88,134,20,204,89,6,185,72,39,33,30,123,96,131,66,20,96,241,223,31,59,208,75,110,135,84,8,54,74,241,112,45,123,45,213,119,183,54,7
2551,20,183,79,195,98,68,148,55,228,229,42,38,62,33,8,77,61,49,148,121,94,168,3,188,218,73,192,140,95,123,96,56,37,135,205,168,227,81,36,33,139,107,28,70,23,20,17,164,163,65,125,0,59,20,55
3719,48,145,88,68,88,80,10,188,115,6,89,47,59,61,62,214,79,3,89,135,247,132,31,64,112,82,138,52,139,28,195,28,2,21,59,95,116,147,67,71,190,76,105,78,31,6,63,226,102,32,247,132,30,1
1716,136,213,104,170,198,143,150,68,118,123,179,29,35,11,188,168,166,217,13,20,229,173,41,137,82,158,8,197,26,55,140,13,21
1850,180,99,73,7,2,63
768,120,25,182,158,4,120,191,74,51,8,46,33,4,1,59,1,65,232,114,127,247,208,232,59,159,29,32,99,173,225,213,85
4925,144,121,42,0,80,123,99,128,155,214,11,94,171,67,55,2,79,36,103,131,66,61,50,218,83,144,41,178,101,53,81,160,108,125,50,102,53,39,184,74,59,164,19,194,208,143,11,67,31,167
3611,0,3,66,28,116,72,192,58,32,72,85,111,108,48,217,145,26,187,95,212,23,63,76,38,12,236,49,87,139,177,113,52,219,18,220,67,6,94,89,160,22,25,91,246,45,18,103,97,200
2821,7,116,12,91,27,38,37,216,19,24,2,35,185,181,128,3,94,91,35,170,49,22,29,111,130,10,90,48,18,153,154,119,98,248,21,64,237,25,64,87,101,0,34,6,209,163,142,24,119,95,7,235
2999,49,55,116,178,11,100,62,109,52,19,148,189,58,60,81,56,118,249,243,75,249,27,241,8,248,214,19,228,64,14,43,222,24,204,45,51,206,45,77,36,7,71,231,198,175,190,13,62,37,18,3
1507,126,24,233,96,53,33,12,144,174,26,106,64,63,233,54,42,144,159,141,61,120,2,116,94,46,214,60,37,51,206,194,20,27,54,208,54,197,28,24,228,6,59,153,13,81,25,97,167,21,6,19,44,37,78
2811,182,5,44,68,74,44,36,103,24,103,93,14,50,162,171,245,32,120,9,2,12,3,208,194,149,97,103,2,50,148,20,111,10,63,201,182,3,61,77,43,232,165,1,7,95,63,175,55,8,23,82,115,22
2764,235,15,132,15,27,220,85,46,94,51,151,161,159,155,10,94,78,88,117,103,218,72,43,24,223,48,51,54
2443,172,102,184,22,88,29
4644,6,73,82,163,132,128
4181,223,96,55,207,70,25
3786,178,52,53,74,28,19
406,108,53,127,209,223,18
4717,168,167,17,229,78,69
2955,123,62,118,88,237,64
2956,132,163,209,127,140,219
620,11,204,3,19,31,132
3250,200,124,63,55,57,111,189,89,110,9,132,185,37,1,149,181,99,157,81,225,32,53,23,35,11,62,193,181,31,133,106,46
714,65,91,112,89,35,22,235,87,124,14,130,111,105,27,156,242,22,17,100,122,119,214,61,203,17,151,171,82,100,78,137,184
4968,35,172,221,10,200,233,5,27,142,113,124,156,27,9,197,192,36,37,165,109,96,93,87,239,88,134,62,116,108,128,80,146,138,0,134,52,85,52,1,115,91,222,142,48,83,96,11,19,71,15,118,136,8,88,144
1113,119,63,84,45,1,117,55,133,147,92,9,229,10,59,144,140,33,29,66,124,87,113,67,80,22,9,218,36,193,192,158
3405,147,134,23,121,94,162,129,32,31,209,127,187,246,1,220,10,19,0,99,40,38,66,79,183,234,19,216,78,31,14,38,36,70,66,133,5,178,27,91,132,29
2185,53,139,97,75,41,40,0,73,141,205,13,35,42,127,147,237
3257,222,119,118,195,31,77,209,237,39,91,98,202,72,148,9,104
1222,0,15,157,171,25,208,124,0,1,15,35,113,62,128,213,14,60,103,21,159,192,215,74,23,11,77,85,95,9,215,16,79,31,246,94,125,97,163,83,13
3943,94,172,96,5,157,61,77,46,157,36,94,171,12,55,175
4256,164,231,28,162,204,54,237,39,140,100,201,80,124,147,127
2560,140,43,32,80,24,41,27,137,89,99,228,65,11,0,41
1365,158,97,190,130,201,182,60,225,25,60,9,41,76,151,159,229,67,39,129,5,4,31,34,41,195,68,199,16,124,102,4,22,55,204,19,8,23,50,44,3,79,109,94
3092,192,67,56,7,117,44,203,31,84,137,61,2,56,118,137,82,140,80,56
3129,2,0,22,11,221,204,73,59,105,236,30,31,195,174,37,168,59,25,18,56,40,147,70,31,42,49,212,136,69,9,102,68,203,124,97,14,141,53,75,37,149,32
4812,245,10,78,144,77,50,29,82,60,70,115,108,218,165,220,203,153,92,142,184,231,8,12,53,143,56,187,170,129,77,80,98,201,36,15,55,59,189,58,247,208,36
1840,109,79,132,247,135,67,85,101,249,41,105,183,84,29,26,170,16
4691,20,40,138,182,37,144,50,21,124,80,49,54,109,182,237,233,57,66,138,86,211,30,21,126,64,13,120,9,99,235,22,80,231,49,45,135,5,10,0,158,212,8,87,110,214
3626,131,236,38,3,0,30,8,86,10,220,118,114,63,205,173,140,6,0,51,130,86,106,48,1,75,39,45,140,172,21,223,85,72,63,144,192,156,249,50,244,24,99,216,153,8
3923,135,84,111,168,188,177,90,68,121,60,3,222,91,121,97,136,117,27,213,58,153
589,59,229,246,209,131,55,204,30,206,166,15,205,16,1,249,40,49,23,56,81,50
3891,126,129,2,5,17,3,42,50,17,58,148,10,42,99,4,9,59,52,176,41,64,224,28,87,110,68,35,27,160,239,115,228,31,164,16,31,4,184,72,164,98,28,15,77
2233,151,46,143,11,42,31,13,11,137,84,159,142,83,247,41,56,102,149,200,80
3918,238,57,173,96,11,1,34,211,63,230,168,12,41,222,237,102,108,121,73,85
4100,30,24,96,168,24,59,97,8,57,133,221,21,14,80,73,177,98,7,6,224,15,73,33,7,80,152,77,31,1,81,134,183,59,120,76,183,85,20,26,17,56,18,54,154,248,21,78
4471,242,29,43,82,62,246,17,41,73,181,33,71,58,24,14,35,40,50,177,73,78,184,231
3158,173,32,48,155,57,0,5,195,39,29,31,47,236,45,130,41,2,223,113,144,37,95,111,134,71,89,137,19,22,45,126,5,135,11,26,55,90,92,45,92,187,51,193,105,11,186
3744,248,27,42,46,44,194,51,38,210,204,126,5,51,182,54,49,120,132,20,10,133,93
3462,240,175,0,168,48,164,198,48,148,121,94,43,19,81,226,239,81,87,70,86,169,30
2147,244,138,35,170,48,147,167,10,1,186,181,47,28,40,105,75,70
1339,117,79,20,125,25,76,27,98,82,52,180,164,17,224,141,136,46
2887,105,102,53,201,204,108,111,133,5,91,199,62,24,71,113,133,56
4624,201,151,17,246,11,135,112,135,216,71,202,153,104,172,134,183,116
3908,209,3,133,2,85,90,30,144,239,8,65,64,58,141,65,10,26
207,204,167,91,232,43,200,19,10,185,169,171,141,74,222,237,21,249,9,15,5,228,85,8,48,106,222,19,121,96,99,170,99,32,228,168,8,182,166,150,6,42,229,43
129,217,161,135,20,5,26,232,114,83,221,210,5,59,11,14,138,185,67,44,49,66,58,85,214,239,240,21,34,195,64,40,31,223,96,131,209,237,86,71,117,82,14,6
4830,52,150,172,123,96,167,100,149,43,54,204,10,130,204,159,235,74,222,114,50,1,42,127,90,28,11,9,73,24,26,27,175,231,215,146,227,91,122,66,20,34,224,0
3986,2,29,177,159,26,121,14,53,244,123,225,49,90,155,4,25,0,18,41,1,142,163,121,215,35,239,203,111,161,2,153,49,39,21,86,111,47,69,216,153,111,70,131
942,22,167,108,173,227,4,137,207,134,221,11,120,50,193,168,44,2,88,136,131,91,31,140,6,132,22,129,44,159,51,62,135,150,239,119,213,45,23,0,73,67,192,73
928,129,25,229,206,67,93,162,219,10,14,67,113,81,51,103,184
1095,136,140,12,227,169,194,40,46,29,175,32,101,42,44,22,43
3001,124,233,31,35,126,200,181,48,23,4,217,10,9,26,40,230
578,58,28,24,21,202,132,47,151,98,45,197,47,100,135,203,182
1846,79,42,144,31,226,8,46,21,42,8,12,249,245,109,117,30
4199,79,45,243,21,153,28,56,184,39,235,22,235,27,176,31,208
1635,197,167,206,194,162,87,186,25,42,41,195,192,135,33,57,1
573,69,216,157,105,50,134,62,165,104,208,99,62,40,138,224,81
4713,103,166,71,191,96,17,92,96,101,63,248,154,70,137,175,66
912,193,158,89,184,116,55,56,234,89,62,63,119,68,7,18,213,26,25,129,170,219,7,148,93,125,187,246,92,49,96,102,6,1,5,38,201,70,64,87,244,87,6
4799,192,109,76,179,112,49,32,89,50,185,91,201,182,177,140,58,53,127,21,4,53,48,199,183,211,69,161,192,223,21,13,50,52,145,213,85,78,144,90,247,90,23
68,34,99,15,166,42,106,100,212,0,107,66,238,167,27,64,56,149,41,139,113,154,231,234,29,25,1,14,25,26,10,115,228,126,131,136,54,137,29,200,174,32,202
1176,78,43,62,53,114,4,50,93,136,64,106,179,112,54,163,26,130,166,71
4895,24,65,216,65,58,48,238,43,65,38,49,33,41,178,227,75,9,22,94
1261,78,11,15,71,119,239,197,54,52,105,40,44,147,64,59,26,5,159,13
3117,24,57,62,84,229,78,93,190,84,11,57,222,134,149,101,60,176,37,23
3251,4,33,97,248,56,25,178,43,90,46,243,54,27,19,56,38,2,24,44
4293,106,55,26,34,153,134,76,63,211,234,209,158,18,248,49,38,166,206,179
903,161,39,17,226,59,184,103,68,67,108,31,20,12,86,200,34,46,17,18
1553,150,99,242,111,113,146,224,66,224,145,141,56,1,2,186,14,2,233,90
798,145,39,155,16,22,65,91,5,19,10,15,235,187,4,110,123,13,56,141
4523,40,147,53,143,15,132,192,72,87,214,216,40,8,226,93,120,61,83,96,131,25,127,191,13,0,22,115,68,209,222,108,18,98,36,191,55,22,24,210,15,147,69,74,222,7
722,48,45,46,188,115,82,24,79,67,68,106,215,139,96,12,233,38,22,235,36,235,86,39,1,47,32,199,196,101,249,147,196,43,94,129,231,1,227,59,165,17,142,68,242,225
218,163,27,117,24,53,117,87,124,107,238,49,57,72,61,87,39,163,121,39,119,19,61,33,182,17,225,29,30,230,63,11,112,246,137,95,208,54,173,153,77,247,143,68,28,62
3942,231,49,72,135,73,111,39,157,198,53,19,181,7,18,219,0,102,162
44,24,232,24,95,55,115,4,31,231,114,65,55,150,7,109,61,49,57
4738,111,10,55,148,127,2,18,17,14,94,57,202,214,172,91,101,57,44
4949,246,224,30,53,143,123,80,58,6,26,12,18,135,112,23,234,29,104
4250,226,81,34,201,93,121,19,226,136,46,1,122,237,113,70,25,13,4
4590,82,10,105,75,3,1,35,176,90,200,80,128,71,157,232,65,110,143
2392,48,88,39,52,24,69,143,4,23,86,204,3,26,82,54,49,74,58
1569,248,49,48,116,41,97,34,125,231,232,217,99,74,62,144,212,80,131
1947,218,149,148,10,136,34,160,214,85,134,167,137,54,75,9,65,59,76,124,193,5,111,145,30,50,32,47,82,41,74,86,92,148,181,13,211,45,79,107,122,92,80,7,23
2137,208,143,150,68,162,61,7,102,178,69,211,32,136,18,218,194,45,103,63,58,4,74,88,154,25,9,56,244,119,154,153,73,2,46,201,174,139,67,65,4,39,86,33,202
303,106,166,130,25,119,121,100,160,81,164,70,243,57,93,92,165,5,72,196,174,14,166,63,104,83,203,168,40,42,102,27,18,14,91,35,162,93,117,64,4,191,66,192,147
1830,235,22,184,171,245,88,240,225,44,235,143,51,229,84,56,234,40,119,228,119,246,62,9,44,12,138,224,19,88,144,37,199,249,205,60,22,130,131,23,29,1,229,197,58
875,59,232,114,76,104,174,181,171,109,104,180,37,236,37,46,132,104,78,194,48,10,165,124,93,53,76,95,141,53,8,6,181,133,227,133,58,71,89,14,120,57,52,202,123
4125,244,119,1,219,88,63,25,14,140,93,103,200,28,119,117,82,6,128,71,74,127,91
994,238,42,192,17,246,92,99,185,67,31,60,111,64,19,12,230,10,95,32,45,10,44
3967,131,34,49,55,222,140,64,17,64,69,48,24,33,139,125,231,52,238,167,13,84,62
2793,31,206,41,195,19,2,146,84,47,58,214,105,87,2,245,235,158,8,13,29,63,31
1464,246,23,164,102,194,144,83,50,65,20,79,30,33,25,55,70,236,30,115,68,6,14,206,41,137,128,193,65,15,13,153,140,54,140,68,242,102,108,79,212,65,71,7,77,45,24,119
4856,201,131,70,183,98,78,117,78,103,116,208,80,109,19,57,55,32,222,211,11,145,13,89,29,1,21,1,241,59,32,61,30,31,166,31,137,121,44,23,90,65,7,73,49,50,234,71
887,154,186,45,190,216,73,82,229,228,52,47,186,66,144,40,114,56,54,185,72,111
684,137,209,177,17,226,195,98,26,54,173,50,209,133,232,98,45,141,9,204,127,74
2366,92,76,4,18,248,43,82,59,190,117,195,5,216,153,11,165,218,51,79,35,75
4928,93,221,176,174,140,203,129,169,114,50,107,4,96,73,43,38,157,221,21,47,13
431,46,191,127,86,79,211,70,140,63,211,37,81,39,32,55,103,57,79,82,73,206
1619,63,9,84,141,114,5,65,130,1,60,108,64,7,150,42,45,64,118,79,8,33
718,142,43,41,90,20,54,182,244,21,236,107,147,175,185,58,115,105,78,97,139,212,13,24,163,67,4,6,10,205,155,34,25,108,141,159,177,16,8,82,56,5,185,77,43,172,112
845,1,213,21,130,227,179,106,126,180,178,131,30,22,54,76,73,0,44,38,236,25,131,140,73,31,78,23,24,166,43,172,55,195,247,63,68,198,231,17,134,32,51,37,110,100,154
2702,51,161,234,50,145,214,127,38,12,15,171,126,61,77,42,89,7,53,32,247,83,104,157,232,83,51,35,133,56,162,63,43,165,240,21,35,105,10,57,21,238,123,170,115,28,87
3083,0,204,171,141,86,133,227,155,248,32,233,120,204,22,24,118,56,116,61,168,29,155,134,24
3115,236,41,176,96,92,138,21,221,78,180,52,88,118,146,197,12,249,92,196,66,21,20,76,98
3514,199,32,95,52,116,231,234,84,21,243,32,169,164,53,62,55,126,58,221,11,102,16,182,194,208,104,244,249,123,19,180,137,128,195,5,51,60,111,157,39,62,193,36,156,61,119,19,32,13
4119,78,91,33,91,7,218,165,176,28,150,28,228,22,51,62,10,43,24,107,121,1,148,81,239,122,16,25,158,121,122,195,79,212,26,76,228,48,194,6,115,23,198,185,90,83,48,165,219,64
1888,164,70,26,180,21,60,3,187,64,142,144,37,10,54,74,170,16,141,179,95,116,72,229
736,70,27,220,63,124,210,56,244,9,53,41,18,61,37,24,30,75,155,214,79,40,180,47
4693,229,78,32,72,37,197,94,177,158,209,73,39,229,33,169,57,135,37,171,59,44,128,44
3870,242,165,166,3,130,64,142,21,216,20,189,44,75,87,63,226,33,181,169,233,237,5,125
1985,198,52,10,200,31,166,199,114,123,102,189,79,11,44,24,12,62,92,127,115,148,142,17,35,114,25,101,27,103,123,48,66,22,3,14,19,21,158,100,82,16,205,173,205,135,4,97,111
1330,161,57,104,46,52,25,44,218,49,32,63,89,180,6,15,74,66,44,108,37,64,111,86,2,74,88,61,22,13,180,46,87,222,57,151,71,58,28,7,219,140,54,241,86,56,16,53,81
4000,168,111,91,127,31,45,246,218,18,219,19,107,147,68,196,194,111,59,36,22,139,40,45,28,248,42,12,233,45,198,247,46,32,35,113,15,8,124,235,134,20,27,77,129,9,226,31,37
2666,57,0,77,185,135,247,127,178
160,129,105,117,74,188,134,17,167
3090,215,210,61,26,27,78,212,18
787,63,49,91,2,151,214,103,137
4012,16,50,158,177,16,33,86,106
4176,122,3,10,19,28,215,38,23
1760,162,140,72,31,55,100,18,130,57,127,72,32,180,40,94,193,156,149,88,164,31,10,53,26,18,35,185,35,57,155,106,51,35,231
1331,100,160,228,6,55,100,56,166,38,39,174,5,117,106,48,240,23,244,108,245,235,127,204,54,204,60,29,225,81,151,20,18,167,204
2222,203,101,173,61,16,109,26,49,122,239,150,47,132,119,222,49,248,221,157,71,33,156,10,175,245,153,13,227,153,27,94,177,73,186
2653,204,171,96,196,134,21,129,7,47,19,107,68,5,60,95,12,126,74,50,82,5,30,39,99,42,178,128,4,39,125,139,170,194,6
440,119,180,27,95,166,64,67
2366,209,174,140,177,42,150,102
1597,236,225,226,40,12,35,84
3494,129,97,213,25,213,58,51
3368,50,43,57,91,31,226,240
4884,237,64,2,219,143,177,100
3351,170,210,240,22,55,150,166
502,184,52,200,181,35,170,90
3552,165,0,32,72,213,27,187
71,165,107,14,50,93,113,154
2165,16,31,44,165,146,227,29
1038,171,149,139,41,44,104,172
4848,59,15,119,98,62,73,140,63,232,91,68,203,21,79,146,125,143,30,220,213,69,192,197,5,52,184,140,100,6,108,26,5,64
507,14,62,9,98,3,118,36,34,176,113,47,21,158,83,56,32,3,15,86,51,20,49,159,188,199,112,11,214,61,137,235,3,56
2338,162,50,114,93,173,124,210,215,147,203,135,87,110,22,172,92,244,137,244,10,133,159,117,105,64,3,113,5,236,57,158,38,137
1708,6,139,226,33,45,38,74,80,156,45,31,48,28,18,209,228,127,52,67,147,65,147,6,164,38,24,45,14,4,8,121,93,39
1956,119,93,24,176,90,247,170,59,39,136,41
2870,170,118,53,18,44,203,238,25,57,4,120
1305,16,23,17,215,2,223,65,147,64,48,201
3456,100,212,31,49,148,49,18,79,73,16,80
2715,111,71,189,148,49,35,199,238,47,145,111
1448,51,242,249,152,196,147,69,83,29,14,96
1618,245,108,25,43,103,66,13,18,126,228,63
385,152,121,1,121,235,3,136,35,172,42,183
4275,189,71,79,16,39,74,132,10,68,47,52,241,78,24,49,72,148,49,225,143,55,25,54,153,58,218,149,161,41,44,238,109,119,10,33,69
4468,33,59,20,5,119,39,44,188,72,87,46,61,38,219,24,22,177,194,67,122,16,191,170,64,170,139,22,4,54,49,8,102,72,61,95,28
4829,164,192,123,1,76,130,57,233,17,44,182,137,163,244,83,27,22,51,103,46,235,126,29,173,102,27,35,48,38,105,120,230,180,235,201,104
2459,77,47,77,64,87,134,24,210,159,84,9,71,190,152,120,29,96,153,245,5,170,61,18,105,178,69,123,249,107,93,11,59,155,2,18,33
3175,164,65,114,175,212,46,212,230,203,230
1725,249,196,189,58,12,161,51,241,11,43
1580,75,110,206,4,12,225,14,225,208,31
4051,64,3,170,41,133,41,14,109,227,231
905,27,57,13,46,99,4,15,123,95,49
17,61,34,46,141,86,227,155,69,227,153
989,146,7,104,44,202,183,111,168,65,68
249,11,54,115,70,44,39,86,0,36,1
4591,53,10,94,93,5,27,137,69,102,59
577,199,166,103,66,226,31,39,105,187,198,87,206,16,18,43,222,2,104,2,149,32,177,50,26,212,244,182,61,107,164,36,135,191,85,3
3494,176,55,117,48,31,65,1,148,123,1,45,34,72,3,95,59,24,64,81,193,81,239,46,154,11,204,24,5,22,6,95,44,87,239,46
1300,84,178,8,48,14,12,44,8,51,49,116,42,155,28,20,213,167,238,67,12,74,4,143,40,168,59,68,12,119,162,233,39,26,145,61
4481,14,41,62,3,44,236,7,183,165,17,80,125,1,37,243,21,45,18,220,85,123,112,83,61,12,93,47,114,93,27,69,47,113,81,80
3718,28,197,245,107,14,36,245,133,126,67,206,178,48
3471,237,32,15,173,137,70,15,86,35,2,37,28,148
665,8,235,184,60,88,94,194,160,85,55,115,97,8
1944,111,185,218,149,141,53,198,118,249,38,168,215,157
3925,228,160,37,201,98,82,142,56,202,162,56,1,55
4363,199,143,33,94,73,232,84,36,235,135,83,131,26
4692,233,5,91,84,6,44,247,43,3,210,208,116,184
3881,6,216,38,104,58,244,46,77,47,142,45,133,35,197,5,165,18,135,205,96,59,171,181,18,113,76,79,98,80,107,76,202,43,49,97,47,43,89
28,210,100,83,142,43,96,109,245,8,83,24,33,11,19,228,65,2,99,191,55,178,44,0,65,48,34,127,153,224,162,89,40,151,161,151,83,11,53
3174,243,109,1,11,174,36,49,143,53,62,5,107,68,203,249,116,67,71,30,17,129,58,218,186,79,191,13,146,149,56,38,210,124,128,73,245,76,116
4221,177,159,179,60,86,46,43,84,232,84,183,131
2344,157,248,38,243,221,138,27,249,7,53,33,47
1818,81,104,48,18,56,161,111,52,29,28,62,113
1927,52,205,55,200,165,146,14,3,59,13,248,33
1804,110,85,184,142,47,18,43,207,14,71,182,1
3837,144,159,100,62,25,208,120,68,116,94,3,43
3738,107,147,233,124,93,63,226,12,33,122,87,207
1647,115,168,3,55,175,0,28,96,200,74,75,145
4445,225,58,190,27,7,106,175,234,29,108,125,146
3185,213,80,97,222,87,218,62,190,117,91,168,216,3,208,29,37,39,169,6,57,80,214,10,16,98,68,12,43,30,94,10,91,24,120,1,229,246
16,144,31,86,210,204,195,37,31,21,37,14,59,21,55,66,101,179,172,0,96,175,190,204,221,30,5,186,1,44,146,2,23,46,87,221,133,236
545,235,100,37,34,189,99,130,32,155,3,19,28,74,174,200,172,98,47,98,47,25,18,0,22,42,2,69,178,5,9,33,89,2,14,169,51,229
3157,196,4,67,210,95,210,61,198,52,40,177,113,52,32,233,48,153,240,55,97,53,12,236,48,22,52,14,120,40,153,34,176,75,17,101,103,233
2905,97,190,111,71,102,93,202,157,9,132,55,76,143,55,12
4010,104,194,19,140,79,132,56,120,25,53,8,73,136,141,1
1415,183,141,44,91,139,22,97,35,89,100,37,18,163,123,244
666,236,41,191,79,62,230,141,17,33,81,32,248,105,33,188
3298,202,173,163,229,234,23,151,71,133,3,53,80,58,77,89
3135,246,55,162,244,7,70,239,17,43,85,95,79,78,127,88
1355,1,48,57,243,32,31,201,8,98,57,207,57,54,20,141
4190,190,118,15,13,75,88,164,189,51,92,44,221,100,49,85
707,94,6,43,137,60,43,36,5,82,80,147,128,8,98,23,247,123,156,93,201,152,61,20,19,72,22,139,46,103,132,122,40,2,29,114,50,203,79,44,33,90
107,28,49,31,73,21,10,219,162,109,243,100,144,151,219,234,43,151,69,45,22,66,226,183,70,102,114,129,137,78,69,80,92,33,62,77,65,163,110,71,127,53
179,167,109,19,176,55,63,236,62,22,60,203,19,112,108,77,71,218,9,160,194,196,61,219,114,41,44,8,11,137,230,101,127,0,78,7,69,83,68,63,41,59
675,207,59,12,138,6,54,46,26,19,110,68,40,86,167
4413,236,133,81,174,91,244,212,34,183,241,69,45,56,30
3121,73,245,50,18,163,16,5,62,67,0,32,146,40,18
4578,103,38,192,86,24,35,0,2,232,179,41,121,114,141
3192,26,68,47,57,155,72,192,18,212,133,113,156,43,26
4813,111,72,64,3,177,50,105,183,85,50,45,149,139,22
487,94,233,34,74,152,19,24,46,210,3,133,37,160,145
13,228,200,76,49,238,134,87,72,65,91,239,78,239,188,124,115,6,209,41,59,72,60,15,247,103,234,4,124,67,62,246,203,238,55,43,34,71,156,90
2114,248,55,189,134,21,238,47,46,18,137,18,27,48,177,60,78,157,72,35,11,72,22,66,90,197,72,62,98,86,244,106,2,99,14,65,2,152,96,225
409,167,188,31,8,25,164,21,44,88,219,156,45,12,102,173,167,37,22,21,48,12,55,178,25,129,114,105,118,169,174,41,22,235,136,226,240,179,102,1
4181,171,181,111,242,69,26,6,19,80,195,155,117,11,33,85,21,49,120,42,80,21,39,18,125,40,138,157,16,99,39,93,197,38,186,45
3227,67,36,173,9,162,61,151,143,175,44,181,54,208,193,36,98,183,24,69,242,150,22,3,72,160,3,33,51,130,126,1,49,97,213,18
1339,107,50,1,39,46,97,43,52,36,245,46,45,19,51,35,68,168,24,38,209,236,25,69,123,67,65,90,219,134,177,150,53,81,205,141
438,179,41,149,122,169,33,24,4,39,1,67,55,45,11,100,91,78,19,110,238,199,48,19,130,65,2,122,118,33,170,76,249,40,2,166
4405,214,110,116,83,95,54,49,101,176,115
4964,175,63,42,18,165,59,170,225,61,132
2303,112,172,150,247,43,41,21,65,50,218
3328,150,227,139,53,133,60,32,1,83,114
3148,240,179,19,20,66,149,97,15,133,209
4099,248,154,41,116,155,2,170,118,45,59
465,119,239,243,31,60,125,138,44,189,120
2954,147,53,194,139,61,79,36,13,149,38
999,14,94,71,182,25,33,132,171,181,47
2684,194,75,89,56,44,121,26,89,68,80
4890,110,96,143,63,149,129,248,125,44,49
2089,108,150,68,60,31,36,175,46,1,22,90,95,17,229,17,142,163,141,103,24,79,66,0,81,159,119,244,33,2,222,106,59,121,205
1079,8,112,169,114,47,133,7,83,92,38,40,65,52,19,77,2,245,2,27,47,4,30,97,185,144,121,78,94,146,48,11,16,39,184
4069,40,89,53,147,64,51,189,108,25,97,59,38,83,162,133,10,119,109,92,219,33,168,91,27,12,43,69,241,160,60,96,53,9,129
1538,229,76,39,0,41,21,87,34,233,57,32,40,153,232,30,39,103,199,4,2,103,65,30,7,105,29,158,0,53,219,7,49,19,27
388,218,169,131,83,114,56,203,133,106
4405,110,160,138,146,46,214,70,239,35
4800,6,53,118,59,25,15,6,169,105
1220,191,89,18,158,95,158,147,7,48
110,168,55,98,3,94,55,180,185,38
2133,22,47,76,21,22,124,166,12,0
3567,174,167,59,82,20,6,132,152,19
3998,69,65,31,67,156,179,123,196,49
4234,106,53,88,163,54,9,108,79,16
4935,159,0,6,67,91,201,53,163,165
1327,249,132,212,172,21,211,30,123,189
4038,182,53,111,185,54,13,208,1,201
2022,56,18,169,180,178,2,63,93,243
1841,94,22,56,214,58,8,41,173,61,233,200,23,77,13,211,212,8,178,162,124,4,9,30,54,25,92,148,19,105,118,44,156,183,103,85,176,115
29,8,14,16,7,194,67,44,24,38,8,233,48,60,76,20,83,108,27,13,18,83,22,82,28,57,5,245,81,32,34,201,17,114,122,97,14,30
1165,98,202,182,1,73,33,118,212,136,235,171,123,75
3632,130,112,134,139,159,28,198,247,130,191,34,138,174
3997,127,114,240,172,22,150,174,56,227,41,79,4,7
75,234,245,234,3,16,124,235,50,0,156,130,197,151
295,85,58,73,31,35,65,138,64,52,165,92,99,126
3323,171,151,161,71,12,152,190,227,231,31,19,134,8
4777,120,29,101,29,6,33,232,83,0,205,135,247,185
2355,198,31,77,11,96,214,46,0,228,63,36,29,17
2873,243,32,13,110,36,207,104,48,170,59,183,206,14
3475,100,46,102,76,63,248,110,11,220,90,4,87,8,165,183,20,74,34,46,31,83,92,76,99,74,105,169,157,132,128,196,152,147,14,36,1
2714,150,4,25,225,21,75,110,206,15,141,176
1458,242,88,134,172,150,175,197,73,197,10,90
3041,70,96,83,8,90,153,18,49,203,68,46
796,35,37,56,48,117,7,116,103,20,216,245
2071,106,68,43,19,20,186,90,65,98,36,34
1790,159,0,228,165,157,149,211,37,180,86,247
4938,65,111,103,1,9,13,148,165,85,103,213
1174,94,43,25,123,109,49,51,206,150,50,113
3332,101,13,37,12,152,132,122,31,4,38,241
4576,246,200,172,68,67,86,160,194,206,140,248,36,170,8,14,207,87,81,193,134,138,208,223,137,223,49,122,114,76,210,230,63,60,199,146,9,45,145,135
4756,197,74,163,165,166,85,33,111,236,154,229,78,138,59,82,138,86,31,161,141,56,46,107,5,105,74,117,8,249,50,31,177,50,119,52,23,155,106,53
3139,175,14,124,147,232,98,83,105,8,62,92,3,91,57,19,152,200,78,2,66,107,4,23,229,7,101,175,5,238,6,94,34,102,69,227,74,200,19,133
4643,198,34,18,205,158,18,218,36,104,213,167,183,98,27,219
995,232,63,89,129,3,217,162,109,96,74,77,101,63,39,31
2223,11,122,2,180,2,31,40,156,242,224,173,68,140,93,15
4999,158,19,23,234,3,123,12,226,216,128,193,47,12,141,113
3332,46,10,154,54,52,59,130,76,16,54,16,11,94,69,114
1794,19,45,104,67,97,150,42,127,8,104,72,56,64,30,11
3681,19,20,236,44,77,69,143,142,52,189,138,71,212,177,42
3751,59,15,178,63,17,58,164,171,41,8,29,155,84,73,13
766,127,191,237,191,120,132,81,27,13,107,97,127,50,10,5,10,196,118,75,11,154,48,33,48,23,17,43,141,234,243,33,61,219,10,183,105,157,68
1261,213,212,78,73,62,244,182,61,21,8,54,5,201,96,101,114,88,34,44,146,2,112,134,68,22,150,245,37,19,58,30,14,28,228,209,13,23,110
3499,160,88,11,5,59,168,76,42,2,42,67,14,64,31,53,90,84,51,156,175,173,124,60,43,200,50,19,63,234,81,102,140,100,6,16,14,34,211
2434,55,85,119,31,164,0,102,30,146,224,109,88,41,97,19,40,196,70,141,74,29,39,108,111,236,49,192,147,65,42,87,110,27,76,47,8,54,237
3683,37,11,197,72,135,110,108,64,136,24,122,107,121,68
1420,247,232,36,27,188,10,71,174,200,21,60,234,70,0
2455,13,69,45,33,38,249,52,12,27,44,209,73,47,197
3986,164,1,60,90,68,203,68,162,93,172,93,29,63,234
143,28,95,59,30,70,109,8,20,69,210,69,216,128,63
2002,97,75,54,12,116,121,85,60,143,15,0,83,162,118
2068,129,169,105,16,146,213,14,5,42,155,53,127,90,67,83,131,236,7,235,159,177,209,228,105,40,131,7,89,143,152,172,190,231,80,65,21,36,41,24,238,25
52,93,120,52,20,10,60,24,176,14,52,11,184,122,24,21,66,106,102,50,117,11,73,6,91,183,20,208,194,48,69,169,111,69,85,46,19,25,91,71,99,0
3369,200,50,81,96,155,20,24,99,46,106,69,237,10,104,130,61,173,61,93,202,92,24,122,49,42,157,122,157,138,14,17,0,8,186,204,73,152,120,195,80,106
4682,56,107,237,29,74,247,208,50,158,147,167,128,227,28,85,63,46
680,9,172,160,34,46,74,71,3,89,71,110,27,4,151,51,64,96
1715,146,149,230,10,35,176,115,168,42,204,22,27,6,221,140,148,6
1401,129,155,98,52,63,150,71,42,124,238,29,2,212,174,82,165,107
1453,205,36,208,49,56,59,132,6,117,103,65,138,66,82,59,97,9
1796,7,159,198,58,150,25,152,107,97,88,105,106,80,86,247,14,100
2880,237,222,36,15,140,21,35,131,88,52,188,167,10,60,176,0,9,49,207,159,75,69,146,14,91,97,121,102,105,0,149,41,150,68,225,58,149,68,27,159
3887,102,106,131,178,174,126,171,132,52,118,182,5,27,54,49,151,244,104,9,23,154,13,14,10,158,61,24,77,17,162,237,128,34,8,245,50,24,182,201,52
3034,65,67,75,194,226,162,41,227,160,141,206,187,125,66,55,172,89,149,139,97,117,27,78,1,36,230,203,79,177,136,41,29,18,153,48,187,28,193,181,74,163,65,164,102,68,30,131,169,174,181
3764,181,128,137,121,13,29,45,23,37,59,248,58,3,160,88,8,53,21,19,228,85,184,26,74,90,46,154,23
3573,230,63,238,48,69,17,162,53,81,133,221,66,90,126,24,232,78,15,156,27,120,152,135,161,69,97,52,35
4706,40,165,196,66,22,110,206,194,4,65,111,102,25,5,63,46,24,71,12,154,202,71,43,39,10,22,61,93
1028,100,78,94,11,63,82,12,149,0,1,68,9,204,54,156,180,216,117,2,78,60,225,68,46,68,18,153,31
148,186,47,43,75,141,224,116,57,122,117,155,95,27,36,233,35,86,39,19,139,76,26,216,198,37,177,246,31
3340,11,110,22,130,131,94,171,74,90,233,84,15,175,73,67,113,156,242,76,28,24,16,76,134,80,201,15,31
4950,0,24,135,235,74,181,76,53,27,1,35,136,86,35,236,154,25,198,6,89,159,141,0,59,49,31,152,25
152,201,185,35,118,22,184,62,16,129,9,63,226,48,123,103,230,181,13,219,172,42,173,68,170,119,145,63,217,22,115,105,120,80,0,9,5,129,3,6,149,231,124,29,23,103,181,82,221,66,216,190,16,39,107
1083,220,207,78,220,225,10,111,242,224,42,224,138,45,68,7,2,58,153,166,199,76,63,52,24,17,219,82,174,81,79,109,40,222,57,49,221,55,45,188,11,35,103,190,139,69,192,161,1,20,242,195,142,104,7
3772,58,127,191,161,26,174,126,45,68,122,6,5,111,53,170,73,139,127,159,212,139,58,13,107,65,9,33,217,128,227,12,164,36,45,105,245,105,167,206,166,126,29,36,43,9,137,79,73,245,167,85,110,213,179
412,59,69,80,248,72,41,112,54,173,135,191,193,35,162,124,50,74,28,70,108,193,72,137,44,7,28,138,158,84,4,20,101,127,56,190,198,29,126,131,126,54,198,53,90,219,165,112,234,8,30,39,73,245,249
3547,41,26,236,192,164,65,105,193,166,114,104,226,15,82,191,1,75,43,182,8,25,171,245,173,233,103,247
755,225,49,60,37,111,203,247,50,19,9,35,14,51,234,229,51,136,74,16,30,29,65,9,46,19,211,13
3460,165,162,93,84,14,143,199,4,10,183,42,35,72,90,8,11,63,114,0,224,172,98,46,97,80,109,36
3805,68,66,28,49,20,47,190,47,17,148,187,5,69,222,102,53,96,210,55,104,70,89,135,10,0,6,198
135,50,105,64,107,186,16,2,83,3,205,55,221,35,3,182,86,218,36,58,48,14,10,16,8,248,129,94
1294,219,12,75,93,50,235,100,154,18,41,36,95,111,20,0,143,31,83,95,27,160,186,79,168,157,101,55
110,140,100,86,17,27,117,41,249,50,247,21,78,150,29,85,112,205,22,2,54,173,242,173,125,92,187,37
1855,61,56,246,140,214,62,125,60,72,64,44,112,111,75,201,205,201,31,61,54,51,12,49,20,93,55,99
3126,153,77,57,52,70,59,2,17,128,204,210,35,213,17,164,53,107,34,12,219,100,19,60,85,23,22,29
3834,173,16,6,180,21,85,59,95,27,0,134,127,48,168,230,10,61,225,58,65,52,199,97,143,91,98,46
1349,211,183,86,74,98,188,14,15,149,156,54,28,107,22,110,85,172,212,100,42,33,115,46,236,20,125,97
2462,212,29,234,141,58,8,28,33,163,73,84,207,227,135,37,33,8,70,96,88,125,205,86,54,208,155,227,169,112,104,142,84,17,161,56,236,44,31,188,63,80,213,179,150,19,203,33,36,53,23,69,25,70
805,70,27,248,63,220,85,226,9,71,140,177,212,30,2,99,125,6,68,70,219,149,247,232,21,4,155,145,119,142,80,16,92,81,113,41,173,135,235,134,183,174,80,200,228,160,102,88,76,9,38,0,184,73
4238,145,153,150,242,249,139,38,154,68,66,152,100,33,110,11,162,233,90,62,128,4,143,25,61,30,8,7,36,196,208,238,57,189,153,210,194,210,96,155,9,4,143,141,82,4,37,23,13,151,244,162,69,169
1566,12,230,40,35,28,128,34,23,29,68,95,131,5,107,29,17,176,0,205,31,198,6,60,40,33,108,19,119,117,99,123,249,215,139,230,63,55,72,86,9,84,28,216,5,125,70,31,110,57,56,102,152,36
963,62,20,135,31,12,144,9,38,87,144,42,191,82,23,242,23,103,60,137,121,228,65,6,107,63,54,37,68,49,197
386,53,99,62,111,162,225,50,112,64,21,152,36,246,17,81,49,139,29,120,142,104,57,160,63,76,53,39,136,38,223
1898,78,128,160,40,178,162,237,154,14,68,62,109,104,21,169,161,1,80,126,193,108,158,182,203,109,112,35,162,58,71
2842,36,239,197,89,39,24,238,134,193,105,80,212,213,101,16,25,107,29,33,102,73,184,72,164,232,214,232,24,77,19
2993,14,50,114,60,34,49,86,179,55,5,28,81,163,223,112,233,34,15,9,139,227,45,14,74,39,68,172,235,84,137
1238,155,69,106,141,70,147,175,106,12,144,121,122,18,183,70,149,32,211,63,101,92,83,79,189,57,8,109,231,37,195
730,32,60,205,0,29,99
3490,185,181,174,7,85,28
290,129,8,201,96,54,143
156,202,217,160,65,168,111
627,243,147,80,137,9,237
593,117,97,67,38,33,12
805,65,58,163,65,170,219
4927,247,185,109,48,26,70
3932,220,41,8,233,57,10
1581,222,37,68,225,68,66
3163,68,188,52,70,186,154
2567,86,79,34,4,55,90
4454,44,6,35,137,89,56
382,236,56,48,126,23,162
2221,33,4,13,124,41,1
3868,28,17,49,29,52,119
2708,174,181,72,90,7,223
197,63,181,40,48,88,105
3879,200,196,128,196,92,69
3841,248,77,42,48,246,94
4619,191,66,160,145,160,243
2238,115,31,6,60,101,125
1712,168,111,22,201,48,43
2730,147,133,111,140,153,82
2363,9,172,161,69,36,94
3014,245,61,213,193,42,104
511,6,163,65,136,87,139
2310,140,172,40,115,48,58
3115,51,75,166,48,2,19
2308,236,66,196,147,103,93,74,58,66,130,22,94,43,10,34,224,141,176,67,13,159,86,164,70,128,65,91,139,59
335,97,15,39,19,31,228,92,42,119,239,66,107,38,8,128,214,239,160,224,15,236,208,37,113,141,248,8,187,135
3061,241,32,93,6,22,213,110,248,110,160,60,52,14,73,15,166,165,38,84,35,9,22,37,14,144,14,181,19,140
1344,195,212,175,145,234,182,16,38,185,33,89,9,102,4,29,75,240,155,116,62,19,9,139,43,24,117,106,107,6
3523,212,20,35,114,89,217,10,71,166,227,75,123,204,24,74,235,18,95,20,0,127,168,135,89,172,224,176,149,171
3131,189,14,80,242,12,41,72,229,1,5,34,11,22,94,37,176,41,22,203,35,232,247,64,136,29,18,183,125,42
2674,29,99,42,244,125,20,204,66,169,194,75,37,26,10,5,62,114,199,27,190,47,180,217,128,34,46,246,137,244,42,47,18,235,172,75,227,41,0,96,16,23,130,183,105,78,13,167,174,144,29,16,160,72,197,58
2766,58,52,186,62,4,40,124,76,84,183,57,134,55,9,81,49,153,8,20,11,116,194,208,236,133,76,105,52,27,190,76,9,178,131,66,152,201,70,109,32,225,7,126,76,124,87,131,94,197,232,98,27,12,180,176
4894,80,105,78,81,91,7,231,159,155,128,216,88,75,62,36,45,143,13,209,31,8,226,59,74,68,66,176,174,14,219,23,177,212,62,9,226,60,216,135,179,5,131,35,43,18,8,199,196,96,213,110,204,8,231,23
2818,46,101,60,37,114,47,22,124,43,48,83,8,235,8,245,61,236,105,99,90,49,66,45,26,197,130,64,66,29,13,248,45,109,18,95,54,64,173,229,17,213,45,79,73,177,100,33,73,119,115,147,38,195,79,107
2033,188,72,188,218,36,79,82,59,229,41,123,39,93,94,1,141,103,91,57,15,132,31,201,91,3,73,13,27,44,130,111,161,135
4901,45,249,205,33,26,23,179,43,73,50,104,44,141,84,138,0,66,103,214,216,50,47,163,4,35,232,51,182,54,64,107,186,108
2267,220,118,162,25,35,108,121,86,247,23,231,201,34,155,20,62,29,85,152,139,97,158,153,227,12,85,58,200,246,43,37,81,226
1443,50,95,131,55,44,165,232,105,38,134,142,222,120,132,119,102,50,227,20,211,163,86,247,123,249,7,155,75,55,140,248,49,6
4513,118,59,44,209,55,116,194,7,2,39,232,78,226,93,156,26,245,150,6,111,5,159,235,127,131,36,45,43,11,184,43,237,15
4093,82,229,23,247,55,42,235,134
1592,60,156,87,54,31,158,80,135
714,177,39,239,113,90,70,154,124
3452,66,92,24,17,225,41,191,52
4217,106,76,119,40,242,198,32,112
225,5,238,29,74,98,62,16,73
1857,63,88,53,111,22,88,72,64
3522,239,87,6,180,71,106,147,36
3608,77,158,38,49,52,120,67,132
3247,75,88,22,88,93,44,189,105
1567,232,2,245,54,206,4,112,199
3161,4,187,17,151,13,109,16,20
471,88,91,246,224,204,195,88,86
4393,170,118,159,184,140,174,58,213
2516,79,82,45,57,73,163,248,16
1007,42,172,224,46,103,6,0,42
3847,136,64,12,180,44,42,87,68
1727,34,176,92,77,195,192,167,49
3482,112,82,31,72,53,242,249,116
4069,87,156,140,141,210,240,43,152,22,119,15,176,59,63,11,0,25,61,44,14,38,165,64,101,203,50,97,118,114,127,41,103
1301,215,2,219,92,155,95,79,99,55,248,21,40,47,24,16,9,73,111,203,109,243,26,109,104,29,101,57,48,64,12,242,188
4369,154,18,102,0,94,89,63,244,57,80,32,20,122,57,73,18,25,157,32,218,32,11,16,161,201,80,137,158,95,70,147,70
2741,39,101,115,124,4,184,216,58,30,6,16,146,161,12,8,102,150,168,193,84,91,14,39,105,236,86,107,177,107,11,65,110
3029,112,35,199,114,105,111,91,110,97,15,76,66,191,49,85,238,76,20,87,136,118,159,56,88,136,69,115,40,234,63,234,175
4852,225,221,131,65,168,37,246,209,71,124,208,225,68,49,105,157,106,58,89,1,167,183,57,41,27,70,160,86,205,249,106,25
1212,172,93,42,44,130,21,53
1180,44,129,119,47,126,14,39
4085,42,199,35,16,146,46,96
708,38,24,47,189,55,180,156
2100,80,248,42,97,125,0,92
1277,118,159,119,162,194,144,87
218,148,121,164,31,43,61,168
38,108,24,40,163,83,80,151
1075,25,21,153,112,85,178,29
1508,50,43,182,94,15,230,33
1301,222,43,71,161,211,202,118
2638,228,165,232,153,48,238,22
3848,32,91,125,80,63,91,61
268,108,189,13,62,40,89,155
3721,2,7,178,180,104,196,63
1111,70,45,2,7,24,182,26,47,120,24,32,73,121,122,66,90,227,4,46,48,38,76,39,92,66,199,62,196,79,40,44,33,178,27,249,55,122,157,55,246,140,95,9,17,151,15,31,180,235,33,29,201
1456,195,116,195,2,233,220,233,35,89,56,48,52,88,38,154,210,215,103,179,102,242,195,226,183,62,88,96,56,4,128,137,78,21,142,24,11,34,197,99,117,165,92,138,72,31,43,34,176,122,117,112,205
4435,210,61,162,25,114,90,5,17,41,124,147,233,81,239,81,38,215,22,104,10,53,76,183,91,2,53,114,217,107,41,243,54,158,73,16,37,44,26,0,4,61,236,107,18,118,4,150,41,190,207,117,107
2082,43,128,213,136,93,240,104,172,46,91,24,137,89,100,55,228,76,120,167,60,25,171,102,189,59,177,182,120
1210,98,42,200,246,119,40,193,9,146,24,16,55,148,211,38,7,104,44,154,53,163,27,4,21,85,134,23,27
3465,140,148,142,143,249,152,73,96,110,51,60,21,61,59,13,67,26,100,19,34,48,184,48,12,85,12,90,60
2538,151,81,55,39,48,36,4,137,70,34,26,130,247,132,68,29,67,32,202,214,61,66,36,164,145,51,218,36
4502,22,240,40,99,126,131,139,71,138,142,68,98,160,108,59,41,49,223,73,46,226,15,78,24,78,21,186,38
2854,40,194,149,194,226,20,1,40,8,145,26,143,26,35,137,244,57,133,113,37,57,22,12,25,0,176,31,24
3017,34,211,111,105,157,248,141,217,155,42,8,248,105,136,39,88,209,246,94,93,221,131,80,24,58,149,66,238
1611,220,18,118,28,198,231,52,249,75,143,8,183,220,81,223,24,77,141,14,64,52,45,77,43,25,15,129,46,93,5,125,9,18,13,178,44,119,96,56,159,249,63,149,190,220,85,226,8,196,56,166
3624,183,202,88,118,182,144,33,79,196,27,249,243,90,174,200,174,3,62,61,19,89,43,69,111,35,8,77,42,127,191,159,188,102,46,43,34,36,175,29,127,115,124,93,2,214,151,11,73,175,93,240
376,186,29,99,15,129,62,44,128,96,40,138,218,11,5,28,187,61,32,115,117,142,134,182,49,7,4,94,27,103,101,103,173,113,5,4,15,84,171,149,68,78,138,157,25,62,246,36,230,15,36,192
1507,190,76,60,46,30,86,23,107,24,92,47,37,2,217,99,42,242,2,59,24,109,238,48,22,11,53,159,27,55,179,43,103,113,67,127,34,131,127,139,190,76,121,137,60,205,13,31,96,139,28,95
4441,210,23,63,9,237,223,4,67,154,210,141,73,138,86,200,10,114,101,64,6,61,62,1,53,50,30,24
840,59,106,175,143,15,10,28,54,36,98,52,60,203,182,56,214,17,188,242,6,34,60,74,27,102,194,40
4149,192,68,97,235,184,116,45,62,21,207,70,104,38,115,85,95,63,17,87,33,43,75,210,159,16,12,106
1217,4,148,86,141,106,37,78,66,186,23,67,79,128,112,31,242,224,17,188,52,2,115,70,100,56,185,28
4522,183,57,75,64,177,134,93,2,57,158,227,90,219,38,31,10,50,55,49,73,94,182,177,23,188,37,61
227,189,82,10,214,172,40,240,157,58,73,41,114,9,81,220,7,218,165,43,140,206,73,206,33,45,243,246
1155,158,29,34,60,214,155,39,201,53,83,25,34,29,159,63,56,116,69,83,86,17,239,203,83,41,6,68,95,0,7,131,11,117,24,120,204,183,24,57,111,77,161,78,66,215,210,25,70,180,235,239,119,213,97,50
3690,177,88,16,29,34,207,220,69,60,6,5,52,85,95,49,138,23,31,143,76,64,58,54,8,11,28,96,205,125,99,68,44,25,5,22,187,55,205,217,160,227,109,100,31,115,97,46,55,205,60,30,38,6,53,199
2576,6,113,146,48,108,19,78,241,43,138,52,65,46,14,145,188,167,22,12,106,72,13,114,200,96,53,122,11,50,14,145,105,75,143,49,19,91,54,148,39,89,33,28,98,44,243,219,17,8,20,153,232,214,103,27
2488,111,114,111,116,11,215,157,132,92,142,17,87,131,142,134,8,84,63,151,197,74,127,57,82,19,123,8,36,14,107,28,107,147,65,134,240,114,89,7,72,3,108,137,74,99,75,38,140,54,73,37,236,61,39,44
4227,176,96,213,63,233,9,128,26,0,158,161,149,141,82,61,33,187,198,242,67,16,40,125,146,2,24,134,141,46,156
2893,53,24,21,107,93,1,142,56,17,99,0,67,116,69,41,220,1,130,227,12,14,78,142,30,22,48,2,10,133,60
2803,35,46,230,196,104,197,94,17,25,53,114,42,120,60,184,225,226,108,83,105,0,49,191,103,43,42,36,122,60,17
2209,19,31,225,137,54,233,84,3,35,124,128,8,11,137,128,155,95,99,4,123,99,12,154,25,117,122,43,46,226,113
1849,157,90,33,56,135,113,82,63,7,106,143,53,157,72,61,212,242,12,26,187,95,196,118,4,21,12,3,62,61,156
4340,106,48,73,51,19,195,212,211,234,209,222,66,38,149,10,185,18,165,38,168,89,21,6,28,10,198,119,154,183,100,23,112,45,38,215,21,239,214,239,189,32,22,78,117,193,9,76,190,129,148,7,12,106,175
4568,175,212,132,152,40,36,71,117,165,5,23,42,93,1,80,214,10,132,68,90,144,77,196,118,75,13,42,15,22,242,36,242,141,73,112,44,180,131,220,18,26,11,186,187,235,87,134,18,3,168,12,107,238,66
118,115,69,240,181,230,212,132,185,91,81,79,229,173,119,99,91,185,50,161,57,177,48,46,43,137,81,12,39,30,160,86,59,2,196,3,22,9,18,118,198,45,52,238,78,170,139,159,58,221,7,222,66,19,35
4226,227,38,195,98,46,53,108,186,47,89,58,3,115,85,12,100,42,65,152,121,97,30,65,191,46,91,98,172,134,38,43,25,28,83,2,114,200,191,226,15,8,97,57,33,32,130,23,217,151,136,85,69,55,42
3122,134,71,221,131,96,205,3,182,17,116,68,199,173,57,48,7,221,82,20,153,191,211,46,120,222,146,43,122,132
717,212,26,63,69,20,12,132,122,82,163,102,45,186,9,17,116,61,139,28,17,13,193,12,24,222,60,121,114,40
277,61,1,61,46,11,199,4,165,120,42,72,216,39,55,130,1,181,111,5,121,148,211,86,182,138,169,87,74,42
1244,40,96,203,74,203,61,16,35,28,24,1,191,50,228,139,96,223,209,69,186,20,93,74,55,233,63,205,15,209
2205,186,1,102,230,141,171,231,7,54,134,76,113,143,145,249,235,51,156,183,59,83,244,17,164,86,133,50,227,160
2673,228,209,222,36,77,1,13,78,229,41,17,26,206,76,13,58,190,90,202,162,219,181,111,78,0,178,33,62,98
3668,39,14,87,221,138,189,105
3521,40,15,130,92,103,57,222
3572,16,113,34,156,149,39,137
2440,82,163,110,24,22,11,136
180,76,99,40,63,46,201,29
3355,115,55,71,175,6,50,43
4481,165,120,112,73,58,75,220
2893,228,197,133,85,172,122,176
2352,7,37,39,215,168,8,85
4361,35,124,41,186,70,96,172
4607,108,222,43,70,197,12,112
4518,22,60,145,52,40,70,37
2811,197,28,12,210,95,33,19
4193,82,17,3,0,49,153,11
2580,218,86,28,198,185,67,218
3171,199,166,18,120,50,53,11
1117,57,6,218,186,47,111,77
4475,25,50,95,3,16,186,16
2408,55,52,54,126,65,102,18
4815,87,205,96,8,5,233,162
4510,132,91,199,97,58,26,128
940,121,85,26,93,132,15,3
4324,86,144,90,190,243,160,172
181,0,23,81,23,59,53,47,54,152,31,7,194,9,47,31,7,201,30,19,34,35,233,203,22,41,46,136,93,120,39,201,97
2017,125,97,215,40,45,12,71,15,61,173,108,187,115,135,235,90,99,125,13,83,143,40,202,123,244,56,82,226,50,125,47,20
4343,215,62,12,72,52,195,139,73,206,65,57,70,243,6,132,69,106,169,24,136,25,220,50,11,121,97,25,129,171,43,59,7
452,212,56,241,242,102,78,220,25,178,52,12,58,203,246,43,96,113,28,46,109,41,162,119,214,141,163,46,6,181,4,123,148
747,192,74,8,6,200,126,21,8,64,178,2,18,39,44,245,37,52,38,14,8,118,137,61,9,40,165,228,34,7,43,247,14
4578,12,29,234,229,140,136,105,129,74,99,123,75,41,249,118,195,19,54,112,219,240,22,31,189,52,23,85,18,112,19,18,134
3541,154,51,81,21,211,15,146,215,62,97,248,32,0,34,136,10,116,93,55,211,15,132,100,159,21,149,176,66,78,105,52,108
1437,148,63,232,231,20,87
3338,165,146,138,44,225,11
4168,127,56,87,44,24,62
4974,104,1,7,243,72,28
758,171,6,129,16,182,45
491,1,231,1,9,178,64
1563,244,33,218,44,72,95
3630,201,44,221,87,205,25
2906,24,114,35,33,87,113
1963,6,116,44,77,209,31
2694,81,226,48,11,46,66
4952,219,90,247,231,93,173
1741,138,43,5,208,177,209
983,10,46,55,172,122,198
3101,174,38,140,64,135,87
3133,69,213,124,42,45,36
3690,106,75,96,205,168,69
4984,9,32,187,55,66,169
688,43,103,215,147,14,140
646,94,146,172,94,55,131
4067,139,24,17,116,105,49
1192,91,242,29,68,75,41
3518,67,28,43,138,146,58
557,163,86,24,67,52,2
480,58,115,88,84,20,22
515,133,147,115,70,174,201
178,204,23,54,214,128,137
3280,221,157,168,41,154,181
4701,242,198,43,162,204,190
4007,189,71,152,121,78,43
4025,134,19,65,88,42,209
3686,60,43,85,220,67,55
1913,155,20,24,233,0,224
3539,172,150,115,69,17,121
1482,158,93,119,173,49,57
2359,45,22,101,114,56,62
4097,93,32,28,163,18,24
1787,189,224,231,52,71,128
204,141,56,31,10,51,25
3655,121,114,4,76,133,56
4873,171,102,11,51,94,162
73,49,182,16,46,34,70
1458,223,208,37,189,37,12,55,37,36,55,49,101,53,163,165,82,24,79,132,33,7,5,216,71,110,71,93,161,217,41,61
27,40,123,99,185,201,222,148,187,33,36,28,70,214,52,48,69,57,14,11,26,1,201,39,53,155,84,183,69,53,45,93
2730,27,58,40,26,159,244,42,173,38,139,127,159,48,96,43,153,146,161,158,193,134,54,58,26,159,113,28,95,82,24,76
3837,116,76,181,185,4,55,191,46,96,223,45,2,55,148,167,173,69,7,60,26,12,52,7,29,28,187,37,22,78,241,160
1538,117,24,81,60,96,200,30,9,12,82,153,245,173,42,116,156,219,131,142,179,43,49,55,16,134,8,97,200,124,41,229
305,101,22,184,70,38,33,75,31,16,66,204,0,180,59,12,230,10,26,100,33,120,182,53,99,130,64,87,156,35,117,159
148,204,8,42,26,93,1,138,103,24,223,125,36,110,104,208,190,216,88,145,63,139,87,54,9,150,41,220,50,193,134,8
2582,224,32,1,72,70,24,103,137,125,65,138,164,25,205,249,52,11,169,113,173,49,74,167,100,32,163,165,200,34,220,15
4297,118,0,164,23,16,159,198,216,3,63,139,41,94,35,162,125,40,68,199,11,145,26,21,73,128,29,173,135,80,125,38
252,95,189,89,190,27,180,35,77,15,42,70,81,148,149,157,179,206,187,96,61,241,32,2,178,162,75,112,28,58,190,103
4854,85,146,40,78,49,146,211,146,40,44,7,222,108,25,128,108,91,7,10,167,97,213,151,44,77,89,149,88,59,82,113
3767,29,198,178,8,207,59,102,163,248
4104,11,112,161,120,217,167,103,89,35
3822,10,136,38,26,23,103,234,4,47
2808,207,3,34,119,118,45,69,9,17
2370,143,151,111,236,57,80,90,67,194
4618,48,220,190,231,17,39,88,164,189
3020,58,139,59,209,74,48,58,162,98
3423,170,104,13,54,2,219,131,34,109
999,239,188,93,106,1,43,179,213,119
2475,129,76,130,171,84,232,228,74,167
1285,64,106,222,87,49,218,51,84,40
4545,234,211,13,17,113,143,73,216,72
3950,240,122,54,71,104,213,26,63,239
1842,121,68,162,171,74,60,53,65,77
3834,74,1,169,88,143,30,163,17,141
1588,34,137,58,84,30,146,49,61,221
2584,174,5,15,205,33,0,50,135,15
4831,45,47,55,157,104,152,54,199,42
2671,237,54,148,21,43,21,172,87,170
4363,177,126,170,16,21,43,11,14,124
3241,74,48,28,62,92,81,159,94,114
2717,222,211,13,107,147,49,30,146,18
1232,64,177,158,93,175,58,60,24,230
2312,207,101,45,7,30,37,100,39,112
4089,165,18,123,196,199,35,60,45,11
3504,44,209,61,218,193,13,19,5,133
3381,57,189,57,52,70,154,194,206,16
3034,162,69,27,20,62,23,18,204,73
1709,65,91,88,12,225,173,43,50,123
4408,229,170,78,14,58,8,89,35,115
1446,52,98,177,194,104,55,14,124,115
1609,138,218,66,44,180,89,19,13,39,11,51,62,66,226,113,47,64,47,242,42,75,208,151,131,106,18,75,37,2,72,64,127,49,73,151
3906,102,230,215,89,225,164,36,76,49,47,55,104,14,195,31,48,159,13,248,59,69,94,172,214,155,34,101,154,237,182,131,219,19,30,55
2308,90,16,141,136,26,174,28,0,39,163,143,26,229,228,0,72,234,25,120,4,230,19,177,48,104,142,12,36,116,28,86,119,87,100,210
3150,107,56,127,18,77,152,140,141,84,9,83,65,211,19,80,87,117,119,180,137,209,18,58,96,132,100,1,43,12,38,164,18,29,229,42
212,124,16,96,201,207,65,228,139,230,103,230,215,210,240,116,61,77,55,146,234,183,102,17,24,199,249,9,57,68,143,59,32,245,26,208
4835,92,97,116,155,218,53,19,205,75,220,225,62,108,199,33,206,210,3,73,58,140,55,89,29,54,174,54,75,208,120,57,92,165,48,88
487,247,116,28,150,97,124,21,25,46,11,198,23,39,120,25,51,45,68,84,144,100,11,174,175,96,69,146,197,232,214,202,13,208,193,94
963,104,57,45,88,56,86,53,49,17,126,74,136,46,55,51,31,124,60,203,54,238,94,93,104,157,90,62,92,103,156,51,235,140,149,51
2145,84,58,149,123,244,23,247,132,239,116,155,132,29,90,80,92,244,108,35,11,7,38,127,228,85,161,150,28,63,247,203,54,41,202,88
637,33,81,102,178,55,248,97,69,63,145,74,34,212,17,212,71,191,65,6,46,42,44,35,58,83,216,21,91,165,62,72,70,207,55,247
4287,130,111,74,192,193,16,14,30
2700,92,198,45,214,60,11,160,138
477,8,217,192,206,187,3,6,51
4537,190,58,200,21,247,132,93,116
2320,200,172,22,238,6,26,110,18
785,218,20,186,45,57,212,31,134
2359,27,55,122,31,100,89,29,104
1714,5,43,174,43,0,152,39,110
2532,182,45,28,54,43,55,191,153
3983,156,71,89,30,12,188,3,53
3241,61,18,56,131,90,4,60,152
4962,143,249,75,207,36,222,96,130
2302,77,144,72,52,223,112,135,57
2113,144,142,86,192,140,149,137,39
2518,10,105,106,102,42,69,85,30
2617,43,242,12,13,6,166,182,131
2769,113,23,229,237,21,10,14,154
1799,240,165,48,53,25,26,57,103
4205,11,160,89,236,208,31,22,68
4134,115,148,87,206,192,142,42,44
2581,32,33,185,144,44,92,176,30
978,152,61,170,210,12,58,154,76
4948,151,13,6,139,209,48,217,192
1795,181,27,55,131,137,232,2,98
3394,202,112,41,191,120,208,115,92
2045,117,61,203,30,28,197,47,190
1181,55,107,19,113,17,78,167,85
572,20,227,109,144,21,134,111,57
4587,13,227,133,3,117,66,13,53
3789,80,21,116,98,79,135,65,92
332,169,39,6,108,54,31,137,46
1776,66,138,146,2,181,207,61,41
4164,2,152,249,101,174,175,71,234
2794,20,212,71,134,55,221,172,182
3142,84,190,90,26,47,125,138,71
1222,22,104,36,58,190,20,103,39
4940,119,142,86,163,142,163,40,67
3531,50,6,14,159,123,189,158,84
1170,169,114,90,207,224,160,134,167
729,86,118,102,7,160,7,37,69
1323,5,42,77,17,79,118,196,169
2205,109,44,65,55,222,237,247,77
3204,180,6,51,42,49,151,186,14,24,210,2,17,61,78,158,43,31,194,89,194,206,57,93,161,50,72,19,57,67,70,44,144,176
4308,195,116,43,34,55,10,51,14,107,217,22,60,22,40,44,30,40,81,132,61,206,187,48,223,208,74,138,23,6,199,188,45,138
2476,245,107,6,169,164,152,104,109,36,222,108,18,53,66,85,120,138,232,30,35,33,12,95,119,25,161,191,193,52,60,69,33,163
1485,92,81,159,155,39,66,15,3,28,198,40,49,105,10,197,8,79,37,47,18,89,40,53,49,0,141,163,54,138,40,202,107,9
3557,91,5,135,91,25,131,178,101,127,191,34,8,118,37,7,244,212,136,198,29,120,74,107,249,38,137,177,50,55,139,230,212,172
4742,159,28,48,170,157,170,64,149,194,37,11,77,57,135,140,82,69,57,33,82,41,56,210,45,90,157,170,154,248,27,26,17,29
3540,227,90,185,81,64,187,31,33,146,165,57,104,46,226,136,239,35,4,194,169,135,83,221,155,205,37,68,56,64,98,128,3,50
4384,223,105,136,242,224,88,216,180,190,47,150,27,31,69,93,5,50,34,2,207,104,213,17,58,174,175,133,85,14,19,193,117,106
155,126,188,33,206,45,79,178,9,81,91,27,178,127,19,112,198,187,38,25,108,49,26,226,108,160,3,215,75,239,46,99,214,56
4351,41,26,54,8,21,237,162,219,50,104,21,7,12,84,17,52,29,135,146,25,13,202,15,101,125,104,110,138,185,18,218,45,53
4857,174,28,13,207,87,218,145,39,55,180,169,233,9,95,112,152,21,7,85,96,61,210,25,51,171,47,98,9,114,35,16,76,48
4833,211,102,32,78,124,102,81,0,67,16,155,19,130,207,59,162,175,164,181,7,239,23,6,8,21,194,12,9,137,16,126,93,107,29,238,110,214,99,51,81,174,11,51,194
1111,107,125,34,67,93,76,224,47,43,165,109,41,229,11,25,204,22,78,49,226,82,76,10,175,173,50,11,40,146,9,56,210,72,2,197,89,69,7,225,213,167,173,124,78
2441,204,45,213,124,71,215,75,161,51,12,32,33,193,108,64,57,240,57,188,40,26,48,159,174,3,133,227,190,47,68,90,185,67,206,194,11,68,48,236,84,159,56,209,29
691,35,17,85,119,114,105,169,105,187,198,175,47,99,1,25,164,169,68,116,144,78,9,145,68,79,85,39,34,198,159,0,41,25,7,5,238,106,157,5,67,40,215,9,22
99,76,53,80,7,92,62,193,156,35,210,56,84,159,177,98,85,37,89,100,127,72,190,243,160,149,247,232,51,43,6,153,112,45,217,102,173,125,99,1,89,56,38,246,94
2953,177,92,33,142,0,165,43,50,55,19,18,209,41,55,20,57,33,135,206
4783,152,19,49,53,30,116,95,18,36,220,183,38,183,34,136,41,44,76,116
4421,185,129,76,183,100,229,10,7,45,145,39,92,14,230,144,50,42,53,92
347,217,99,73,94,22,172,74,235,180,137,4,53,79,25,154,177,159,123,202
294,246,92,3,187,154,81,1,245,81,134,142,27,163,47,17,225,143,23,244
3240,116,76,143,8,16,21,10,156,192,85,195,174,195,141,103,202,15,20,47
1964,176,115,37,220,115,4,3,207,17,215,16,168,12,5,97,195,88,63,211
3135,169,68,87,21,16,126,45,138,224,153,28,9,209,224,189,31,27,95,112
4746,178,86,48,19,70,239,21,48,228,160,224,242,111,91,15,175,18,38,248
2628,173,233,90,12,21,121,212,132,67,156,84,16,84,228,64,80,105,11,52
1294,157,9,1,11,189,235,30,212,172,182,24,60,7,236,71,10,156,49,35,22,172,193,117,207,140,88,80,146,153,14,2,44,98,124,76,26,42,209,224,209,139,97,60
3360,191,106,184,140,135,169,171,33,78,11,6,153,207,159,244,83,27,23,53,151,94,116,10,78,245,76,160,70,15,175,57,28,2,83,148,135,15,71,105,102,162,210,51
1942,8,84,21,127,78,73,58,55,241,17,36,75,5,26,55,76,15,33,30,206,178,122,176,120,76,9,23,218,146,32,144,88,202,109,223,132,240,211,20,17,38,227,49
1717,49,231,49,182,61,126,114,90,105,120,204,65,111,35,47,35,233,34,179,11,154,183,18,186,60,125,138,35,180,55,4,233,54,122,61,132,103,138,221,33,191,200,126
4037,180,46,73,246,73,99,97,222,114,118,3,131,20,226,191,46,35,73,5,69,48,170,61,32,94,15,24,43,18,12,54,152,120,85,195,118,83,95,179,13,59,104,13
2371,184,103,68,98,224,6,73,31,37,57,233,77,31,37,28,193,109,76,9,148,54,73,63,175,145,40,49,64,136,164,70,137,20,54,197,240,3,122,169,189,49,240,75
530,29,220,11,59,97,163,227,4,13,119,198,47,142,52,178,69,192,43
4400,223,37,167,174,161,151,113,34,72,12,17,192,124,174,47,60,101,21
2393,125,205,36,34,228,75,99,47,53,36,199,236,37,94,91,96,152,43
3667,58,203,30,46,65,63,145,16,55,43,19,211,61,59,64,71,151,136
1011,5,179,55,247,21,100,62,19,54,206,57,163,229,170,73,18,58,65
2721,118,63,93,234,140,203,249,118,122,239,61,122,3,46,72,144,194,75
3561,193,242,165,163,124,208,37,81,59,208,232,208,130,26,130,171,157,90
3537,146,79,117,6,51,41,21,23,225,69,6,25,154,67,31,10,51,6
318,232,44,238,123,48,6,40,96,200,97,44,137,167,168,61,133,221,99
2202,98,68,103,234,245,216,6,64,87,110,4,133,176,162,165,146,16,47
66,230,4,58,11,79,83,79,30,135,203,111,29,128,4,157,25,76,1
3956,137,74,38,24,34,40,11,72,115,228,192,158,161,16,221,131,33,16
3650,189,102,45,236,21,129,70,95,12,227,56,191,96,4,46,44,116,87
4355,95,36,42,142,92,76,119,222,119,183,105,43,69,186,52,101,31,122
4117,35,52,88,41,64,218,20,48,24,6,52,55,97,5,44,42,26,2
3904,55,111,24,125,13,57,104,83,38,70,19,40,152,120,56,45,19,46
1322,187,129,9,62,152,15,206,41,225,12,173,108,94,162,217,89,204,53
1427,50,227,81,211,116,8,112,57,69,52,219,14,19,71,55,168,44,215,71,45,227,130,131,142,52,224,6,189,47,81,47,242,224,30,61,116,6,7,225,42,214,141,84,21,201,231
1941,217,89,32,117,91,183,98,96,6,149,156,130,207,150,50,107,13,24,135,173,199,186,147,51,8,15,146,213,225,81,24,68,104,157,170,191,2,20,42,49,14,30,159,191,103,200
4227,13,9,124,82,229,42,93,167,192,140,78,44,218,149,37,53,36,41,5,33,205,197,229,89,8,64,234,4,7,239,67,5,73,56,44,1,123,1,105,50,80,100,99,249,41,13
3088,12,166,85,226,8,87,26,16,62,5,157,124,154,30,20,55,70,52,188,72,86,227,28,231,8,226,78,79,241,56,45,145,84,150,55,35,11,44,238,71,174,212,61,221,54,61
4885,214,19,177,208,238,67,17,12,99,163,15,201,93,60,19,3,51,21,33,54,154,186,171,106,19,176,60,44,138,6,57,22,97,53,18,106,147,31,78,1,228,19,7,98,3,26
4358,183,165,220,10,25,51,73,108,6,78,157,170,81,39,11,29,34,42,11,215,182
1107,128,92,231,74,170,5,55,26,126,180,12,193,16,192,85,172,102,172,46,79,146
2323,175,57,35,10,40,181,133,97,80,140,54,244,91,19,69,93,60,152,140,43,178
2619,206,183,111,125,106,58,247,21,67,192,116,183,199,196,95,32,129,127,134,231,188
4831,115,117,25,24,21,28,8,181,60,38,223,73,170,74,109,26,110,85,138,6,67
3177,105,74,241,242,78,244,119,93,101,91,53,85,167,16,53,19,194,144,78,241,83
25,9,18,92,61,27,213,97,87,214,23,60,222,60,121,44,76,249,203,79,30,144
3327,153,20,125,162,142,43,70,234,49,41,246,23,118,119,198,23,58,115,239,63,64
8,99,243,33,0,36,42,154,29,35,239,67,4,38,76,15,38,7,106,166,53,204
1704,91,222,119,34,29,48,10,65,151,51,136,242,36,170,92,27,110,31,127,187,108,83,96,89,45,6,44,190,144,59,216,245,235,8,73,120,204,9,68,172,35,108,116,103,68
2565,160,52,178,115,30,90,207,220,190,15,77,32,5,186,87,100,6,29,58,4,5,7,22,5,131,11,19,152,140,54,31,67,91,222,74,209,61,135,100,103,39,55,70,38,76
1380,15,236,25,40,153,225,226,102,71,216,3,171,138,78,188,151,143,4,97,116,62,29,11,77,111,189,213,17,61,139,19,63,119,86,42,193,172,150,222,142,156,69,136,8,66
1348,39,43,234,70,42,155,134,182,43,14,118,23,24,233,55,86,60,30,14,94,61,98,230,205,22,213,110,162,125,187,45,24,203,168,140,229,17,102,9,229,10,52,237,191,120
2333,232,228,113,151,217,4,110,5,1,8,12,10,189,245,107,9,84,236,12,91,31,195,233,12,52,20,2,73,85,97,5,21,37,216,167,91,243,27,32,147,233,104,62,236,54
4362,128,237,128,111,133,176,146,9,79,146,22,238,94,194,29,44,62,100,1,8
3489,162,17,86,135,113,28,29,84,68,28,60,36,5,0,72,42,222,69,131,95
4752,128,204,95,10,6,218,67,39,201,205,43,78,217,13,189,99,173,49,53,33
3320,96,205,173,50,35,118,119,22,50,71,28,211,111,165,15,25,65,32,84,36
1805,146,15,144,78,217,78,138,34,126,42,179,34,7,76,114,60,50,77,45,10
2749,242,111,106,39,99,51,47,193,16,3,136,50,44,243,221,14,6,19,67,206
2578,214,11,110,158,8,91,159,29,128,19,137,157,16,243,147,121,1,182,237,122
3058,231,147,49,247,150,104,67,122,118,180,40,216,190,13,117,44,77,89,75,208
3862,172,221,204,25,52,234,102,46,163,32,68,57,244,108,18,9,87,148,142,45
1572,199,183,102,164,12,25,184,33,56,161,174,200,96,83,125,231,46,43,18,32
1794,4,234,89,9,215,82,59,170,27,30,70,15,100,103,85,39,72,56,5,69
2933,109,224,58,247,127,0,50,84,76,183,134,33,131,36,23,9,104,226,6,73,80,55,75,32,49,1,11,225,41,114,240,85,3,113,152,91,9,223,30,154,23,207,104,62,75,239,122,67
271,231,241,38,215,48,116,56,26,155,20,16,12,72,168,40,172,146,15,144,57,40,180,118,15,211,30,129,127,191,67,38,183,116,94,233,36,69,42,192,35,5,8,48,32,6,107,182,144
1304,202,59,162,75,201,130,116,108,167,27,29,136,29,63,5,67,88,168,115,29,217,180,188,130,93,117,88,136,8,112,89,128,71,174,91,31,79,34,107,66,48,74,109,79,78,194,41,247
3075,167,105,15,56,80,38,35,19,47,181,164,36,110,75,48,18,5,52,188,231,35,199,54,55,157,4,0,205,135,84,232,26,182,26,93,60,164,82,217,226,162,111,58,216,226,48,10,154
1183,109,171,63,148,21,37,221,49,120,33,38,88,240,5,119,66,222,49,247,77,19,134,93,161,149,190,52,6,226,240,116,105,27,153,25,6,107,182,244,249,147,181,7,131,80,191,33,69
3027,190,198,34,137,44,65,42,157,90,32,151,61,79,108,70,27,11,110,1,17,9,193,89,180
2688,203,58,149,105,178,44,28,75,111,20,115,49,169,76,63,72,205,14,67,90,190,59,227,160
2818,6,66,38,63,236,54,136,46,137,108,215,48,42,51,64,6,231,132,91,5,245,108,189,82
1694,217,45,103,68,26,170,187,45,32,66,41,35,48,57,165,150,166,162,129,22,37,177,134,221
1168,28,12,72,118,39,35,48,51,23,115,185,187,28,56,127,86,70,100,52,25,152,21,10,57
2524,93,87,57,21,120,156,113,30,20,103,65,91,210,221,44,48,25,57,5,64,91,44,165,52
4590,152,190,98,128,70,17,32,12,183,57,14,143,229,24,43,55,126,55,214,45,70,104,149,129
3652,228,38,152,19,43,142,117,45,18,21,79,45,10,81,12,171,149,129,66,13,18,55,131,55
1613,215,210,12,199,82,29,19,67,85,134,45,42,53,192,42,4,143,67,39,65,206,27,244,123,89,225,153,127,34,70,236,61,173,101,127,131,14,37,167,183,59,21,122,52,10,68,107
405,159,91,94,61,135,31,180,46,9,204,92,110,22,87,22,120,29,129,56,54,115,2,63,245,109,117,165,104,67,75,205,18,16,137,177,32,59,225,95,6,42,101,157,151,56,58,22
4846,33,127,128,26,52,116,211,116,41,222,145,135,10,44,230,30,176,135,150,104,55,115,150,179,29,201,85,214,55,77,241,51,43,42,6,32,120,204,224,146,7,215,61,12,149,10,29
548,164,86,227,231,29,96,167,134,172,158,243,147,7,183,91,53,143,199,7,63,11,70,125,25,79,237,22,104,8,119,239,240,48,177,94,150,112,69,90,126,85,13,55,78,43,33,243
2940,154,16,60,124,10,214,19,216,78,65,11,229,228,232,36,49,4,58,200,21,66,22,62,114,57,65,134,193,109,80,10,19,100,225,14,160,128,85,110,63,181,49,231,198,216,59,170
4305,207,3,14,138,34,195,88,60,133,85,67,242,156,183,105,1,48,46,17,5,120,98
2413,240,179,133,127,235,50,166,162,165,4,11,42,178,13,173,108,125,101,176,33,199,12
3914,98,230,215,7,160,138,64,56,114,29,5,134,193,9,60,214,103,111,194,6,64,107
3840,137,108,53,222,146,8,182,244,56,210,15,93,156,103,59,6,61,16,163,57,199,51
1502,174,59,26,221,82,139,58,15,22,94,194,45,56,169,118,36,52,33,9,43,234,64
3537,213,45,51,72,210,20,148,142,80,55,175,239,91,25,69,168,68,22,69,185,52,72
887,76,27,41,121,92,90,12,21,202,64,62,118,140,19,139,212,177,137,79,132,31,143
3176,6,125,1,110,75,51,6,31,191,65,144,142,148,92,81,110,44,76,27,132,239,212
3426,138,40,156,173,69,161,56,34,207,137,173,12,46,2,207,2,19,148,76,126,130,14,176,24,19,65,49,167,43,137,70,0,7,220,183,50,43,146,165,85,17,21,80,126,58,136,69,101,212,20
1895,179,21,172,62,118,8,85,167,93,221,87,134,11,32,21,134,111,211,240,145,47,80,126,24,79,46,180,13,208,120,57,98,58,164,225,236,133,1,119,129,231,52,19,68,180,26,180,71,86,145
3579,32,94,182,141,108,238,101,39,71,64,147,215,38,30,129,149,88,11,68,70,149,15,59,11,65,72,8,169,69,183,156,192,158,243,6,196,134,238,85,72,96,131,80,83,124,194,162,71,190,227
3890,170,245,54,130,64,32,159,184,122,1,92,246,151,140,181,169,57,17,57,93,121,73,31,101,87,17,16,46,54,14,34,56,10,78,196,4,124,97,85,129,62,129,103,132,146,14,7,57,144,121
3201,62,54,156,162,63,233,99,111,47,190,248,154,54,96,40,51,38,75,109,49,218,36,96,213,146,132,91,84,183,70,234,217,45,25,44,51,182,60,15,169,76,106,244,123,62,95,26,144,185,1
4856,28,33,3,51,5,21,200,246,151,76,200,174,74,58,84,87,47,163,29,16,6,209,74,96,203,183
3624,112,45,149,21,101,113,71,15,151,63,69,92,90,50,136,18,213,151,51,171,157,198,29,181,135,60
1712,84,156,83,116,224,202,227,169,86,235,39,45,47,175,71,152,0,53,36,222,237,157,78,20,190,14
1046,183,154,26,101,196,200,152,61,213,25,29,233,106,51,40,53,74,247,64,44,88,158,88,12,8,178
2887,56,141,58,247,116,184,89,172,96,172,5,69,40,4,13,73,143,59,120,52,10,104,112,198,87,51
1229,44,39,76,130,183,84,10,221,71,31,80,16,38,100,32,29,158,147,215,22,237,15,58,0,63,59
270,196,53,103,27,93,3,206,31,157,35,17,224,162,17,187,154,236,105,120,204,201,91,183,42,22,120
2039,176,101,157,39,144,40,113,1,23,17,179,61,130,111,23,55,58,225,208,68,94,9,34,153,69,124,128,160,195,44,27,151,98,95,116,111,62,48,25,220,218,246,40,6,247,46,60,16,4
4808,51,72,71,3,177,232,47,85,7,0,70,242,249,92,61,137,31,154,38,243,91,210,5,185,133,56,18,181,35,23,186,160,17,110,141,234,146,55,39,44,100,52,44,215,241,145,61,141,184
1120,177,209,118,30,79,42,35,162,194,210,162,71,222,211,113,7,236,48,5,92,18,175,18,110,87,39,121,124,93,12,9,6,73,76,48,113,216,206,30,55,204,18,187,154,231,121,61,158,78
1233,195,55,139,119,12,199,33,0,128,239,84,44,14,176,146,23,229,170,65,126,204,183,154,207,43,151,23,75,48,92,2,98,172,89,50,9,141,160,36,176,52,59,37,234,192,132,177,98,58
2789,20,87,71,63,88,136,37,19,9,146,106,102,56,227,76,202,109,16,99,125,1,121,93,87,39,9,69,101,95,76,115,48,44,24,131,26,108,53,124,22,57,79,85,21,81,104,62,21,148
4314,133,19,133,191,31,34,242,141,183,24,86,178,15,9,22,177,139,174,37,230,91,242,139,55,180
698,191,41,63,166,84,85,53,4,97,5,195,15,40,168,44,220,18,10,104,2,242,224,202,52,53
4184,89,12,70,27,76,21,146,150,227,150,108,70,73,169,8,129,8,118,249,203,187,64,87,239,197
4145,131,12,68,115,6,35,63,72,205,22,211,20,183,54,185,181,240,21,34,29,139,152,66,92,177
1646,184,25,18,103,93,76,206,194,2,97,110,163,15,22,24,1,185,98,184,0,114,181,186,5,62
559,140,151,65,207,150,41,112,64,202,38,147,76,96,85,110,130,56,2,61,94,117,93,7,237,64
1231,212,62,3,8,244,77,15,6,117,39,17,199,53,19,216,141,17,10,67,112,153,138,27,53,97
3240,16,109,24,120,16,248,77,85,39,2,24,8,29,168,14,170,73,46,26,245,109,110,5,65,19,35,203,133,97
4405,167,59,85,59,20,52,26,91,24,49,173,12,17,100,47,3,166,209,61,66,14,146,172,96,31,64,14,29,173
571,215,22,25,76,119,162,233,219,201,38,121,30,47,13,106,25,107,74,111,77,31,55,2,18,53,2,48,2,62
239,205,10,229,67,0,180,190,44,88,83,59,11,134,188,43,85,10,42,60,13,179,42,121,107,55,4,45,25,230
728,235,224,15,32,132,212,174,178,54,199,249,76,214,128,160,149,6,69,47,6,242,99,195,14,92,13,151,66,103
3844,117,171,149,146,48,97,10,32,1,33,201,100,219,24,62,132,100,210,48,6,243,239,132,91,31,181,169,33,0
37,2,49,41,78,66,224,172,15,92,147,167,108,237,191,89,52,189,6,13,17,52,48,164,168,26,165,104,7,20
2359,93,14,221,248,77,61,152,71,20,218,83,216,60,29,18,25,107,64,127,57,90,101,16,0,50,17,25,67,41
3440,103,138,86,70,25,234,41,113,127,55,240,43,68,140,77,65,22,104,8,167,188,43,99,28,89,39,152,172,113,226,59,48,220,10,65,2,53,161,3,166,5,110,38,43,3,79,4,163,150,177,71,78,184,132,93
875,216,37,177,158,205,112,44,117,97,34,51,123,125,91,167,15,31,49,78,61,209,174,74,111,10,61,148,39,54,15,70,27,142,120,33,156,14,108,6,10,127,214,120,208,156,67,42,0,99,7,160,112,128,160,85
2559,179,42,247,208,190,71,55,195,212,8,144,56,248,77,101,239,128,155,4,60,93,125,24,74,34,122,52,26,27,120,68,29,178,215,57,85,167,10,31,170,154,44,112,96,36,31,5,64,140,148,222,102,183,103,96
2093,246,45,5,157,199,76,53,16,146,222,134,62,31,189,95,24,47,111,86,118,73,26,143,11,31,12,132,171,235,99,9,229,159,89,217,99,23,102,100,14,140,235,180,107,152,22,43,94,61,191,133,71,127,230,98
2275,44,48,57,130,174,74,61,28,193,124,40,22,152,74,151,51,120,176,143,54,237,54,221,107,184,51,32,144
481,109,67,18,77,61,39,61,28,144,50,2,47,158,19,180,34,102,189,224,6,56,182,103,138,45,101,27,9
3035,17,79,51,70,38,216,6,17,79,81,113,52,5,64,49,23,196,134,52,112,70,234,140,206,30,236,71,110
189,103,68,203,135,20,189,46,13,191,66,125,24,70,72,218,53,92,128,213,101,85,2,48,89,110,35,224,172
3837,42,65,147,80,59,68,115,168,76,130,227,109,92,97,68,46,50,176,82,47,52,95,225,184,170,14,24,153
42,35,3,51,155,196,68,70,28,31,34,113,98,217,63,29,93,14,155,178,2,232,2,45,84,138,85,78,124
1535,44,115,6,64,70,30,60,96,36,9,194,20,137,225,184,215,57,130,156,90,127,38,219,201,137,24,5,133
1752,221,60,95,25,42,161,174,144,72,160,9,43,1,69,90,127,49,73,33,219,10,191,153,34,13,190,35,54,126,133,181,8,136,88,146,79,16,60,53,164,138,22,23,162,17,189,111,52,46,31,86,70,80,28
1956,177,64,113,5,117,13,44,151,48,79,241,12,197,89,16,10,200,30,221,64,212,56,86,248,21,64,18,77,20,94,129,142,111,97,67,131,169,73,204,42,172,248,85,248,86,121,38,1,28,6,58,39,26,0
889,162,213,35,38,243,221,7,105,147,215,168,69,98,79,108,64,23,16,129,8,119,239,87,13,83,39,13,20,99,55,143,177,92,48,90,219,33,6,196,61,17,185,48,146,2,42,150,146,172,9,20,242,193,54
4106,19,119,19,89,31,0,51,169,161,3,25,32,203,230,37,6,169,122,53,62,37,24,120,138,42,147,15,121,41,40,35,70,164,82,215,78,249,41,140,221,223,29,231,23,212,121,11,194,6,20,85,238,42,224
3334,165,11,204,201,29,169,185,5,62,82,12,46,247,185,31,158,47,161,25,65,151,187,198,6,199,32,120,197,45,44,190
143,198,32,146,106,117,106,18,185,138,76,134,193,166,6,196,8,14,57,161,69,49,212,2,4,40,59,61,92,66,0,26
1125,86,8,226,225,242,150,164,119,246,243,33,59,28,12,132,69,123,58,73,3,40,126,70,73,224,61,207,66,160,85,110
3444,70,108,226,26,20,158,192,38,148,68,10,245,73,224,176,165,244,138,184,239,240,141,149,230,171,223,36,135,84,130,15
980,149,58,101,52,2,29,238,23,210,15,172,123,95,112,233,29,21,55,240,114,141,184,140,36,15,37,10,78,229,8,97
306,188,31,132,239,116,13,74,86,35,176,30,53,66,222,98,15,0,127,97,127,10,35,48,151,49,240,155,205,23,44,30
2175,6,107,180,19,224,153,111,181,14,123,159,161,42,57,39,50,54,148,81,185,37,110,214,96,31,188,151,32,33,157,53
1921,6,47,142,54,8,12,242,99,117,66,236,203,74,55,77,65,130,25,62,73,132,184,33,135,11,248,214,58,214,49,218
1766,208,26,6,117,5,93,133
1784,200,31,187,37,32,221,157
450,125,66,22,29,180,52,100
2182,47,181,72,190,14,7,18
2238,71,216,58,8,204,186,26
127,152,113,101,13,62,215,79
3722,224,189,11,77,55,117,96
3114,104,141,53,102,124,43,70
4538,84,178,2,120,80,196,49
983,204,11,35,215,89,204,167
1741,22,129,61,145,77,140,45
3774,137,24,119,129,97,67,57
3921,249,116,45,2,153,24,174
2130,184,39,31,231,28,32,59
1228,172,9,84,228,115,168,234
1101,77,114,17,207,57,135,15
4438,171,43,89,63,89,39,244
3469,125,162,171,243,7,61,39
1490,19,228,216,168,164,119,213
3052,190,149,183,54,75,138,1
4659,116,217,131,130,137,60,30
1957,41,154,142,108,62,9,144
1787,66,70,90,137,18,179,19
2034,34,155,16,12,88,78,249
3311,113,1,37,70,4,1,37
2019,197,176,125,143,53,98,61
1046,176,33,79,71,64,3,69
4881,195,19,18,196,119,132,128
4088,176,224,46,141,74,14,57
4832,145,86,75,201,31,15,163
324,221,25,126,200,228,28,82,3,52,6,15,141,183,206,41,59,171,218,155,92,170,42,235,137,207,52,180,215,3,196
2010,144,39,125,97,99,15,205,237,21,179,216,83,154,20,27,38,75,2,152,73,24,46,38,197,11,122,40,0,89,16
1993,55,168,150,41,50,62,48,112,35,193,166,18,158,47,22,80,106,100,183,38,60,164,16,99,59,53,118,156,70,184
2937,71,209,77,61,91,3,7,215,79,26,208,162,142,206,192,67,207,92,202,109,52,223,163,57,17,161,234,63,19,21
1782,115,31,83,95,116,121,9,91,125,42,48,164,16,45,89,197,9,1,11,75,4,223,38,246,52,59,28,144,86,28
4789,4,173,96,28,49,81,91,14,85,33,187,151,47,242,12,59,5,166,44,62,199,68,177,182,172,21,49,196,72,11
2629,107,15,54,134,222,150,143,142,17,21,160,180,37,18,21,5,44,156,69,132,231,114,57,135,199,4,52,89,28,136
3819,54,68,14,69,216,214,103,142,40,246,41,22,129,56,68,65,14,97,111,50,26,68,147,10,119,66,20,135,37,10
2457,81,110,11,245,10,74,184,89,159,28,44,178,7,90,21,194,139,67,57,11,246,129,70,214,216,60,18,46,5,91
446,8,118,97,171,96,70
9,241,59,111,44,18,8
3519,164,173,59,100,158,59
589,122,43,103,142,91,14
192,236,144,56,13,191,131
3693,189,158,97,25,31,25
3831,174,175,239,144,10,243
1241,13,19,63,59,51,151
2870,27,146,23,85,166,153
3379,235,137,48,39,38,76
3239,79,137,79,1,109,88
241,225,173,16,167,10,244
2524,103,96,92,132,96,225
1470,202,8,32,174,66,22
2692,83,81,164,205,201,17
976,29,48,59,2,214,62
2978,218,33,24,31,55,52
3580,210,95,68,225,196,61
3240,83,88,143,67,207,137
3149,186,181,60,203,17,46
313,58,26,236,54,26,76
3036,87,133,203,141,104,180
1195,177,246,5,195,160,141
1050,127,56,198,31,24,174
4027,193,76,49,78,64,142
816,134,68,11,13,106,166
2099,76,67,13,247,12,41
4071,43,44,230,180,95,49
3054,163,244,61,58,148,129
1932,152,164,145,81,85,95
4332,133,132,81,59,103,201
371,57,45,6,122,117,78
2713,188,151,186,47,22,54
4836,199,157,53,141,14,30
2632,127,133,47,113,101,114
3875,22,117,105,223,87,133
4230,69,220,27,181,103,230
2169,201,147,113,172,87,169
2617,14,170,225,213,45,140
2009,85,187,125,223,46,3
3534,186,107,29,74,60,43
1389,177,4,56,96,56,151
881,117,53,71,15,67,179
797,38,63,247,21,12,67
4999,182,37,43,137,129,89
257,36,233,63,184,48,33
992,167,59,6,40,63,56
2215,61,103,131,86,65,134
2097,56,3,160,22,104,150
1950,47,34,89,18,9,137
4565,21,34,189,32,177,139
3667,117,109,67,132,4,120
1587,53,1,76,73,71,101
2944,20,0,65,15,119,87
2835,36,2,0,8,117,91,103,51,78,102,27,180,19,41,51,163,46,212,78,238,25,187,105,116,24,80,53,19,89,102,68,224,141,1
122,193,35,89,9,8,38,28,92,207,14,29,23,19,72,209,137,108,13,105,157,122,60,11,9,49,95,44,112,199,52,84,171,129,62
2891,182,118,29,2,133,56,208,104,3,59,164,145,74,36,248,59,209,190,71,127,41,144,80,190,111,171,97,45,214,128,9,62,165,118
4196,72,164,168,188,199,143,2,215,72,104,149,122,68,65,172,164,16,62,23,76,130,32,93,120,161,150,115,216,137,55,187,33,193,72
2462,202,157,5,140,15,226,113,223,87,47,55,21,87,169,33,143,123,238,12,236,123,41,22,117,74,134,1,113,152,2,114,50,13,60
4807,177,3,81,148,83,112,32,10,13,24,117,171,84,47,67,28,187,18,196,10,9,76,83,112,205,141,140,9,47,14,4,234,51,71
1883,79,86,132,20,21,0,77,129,94
91,57,154,46,107,79,189,14,50,49
3,162,171,11,58,84,12,249,118,119
3703,66,38,48,56,203,220,225,162,23
2212,240,69,168,88,65,111,190,58,12
4180,179,150,104,27,219,131,76,54,76
3563,53,91,54,205,25,208,9,72,61
1632,93,87,70,55,51,30,3,72,57
2030,157,114,76,202,88,144,194,78,221
2046,46,231,92,9,157,232,43,35,22
3503,246,129,74,66,222,7,28,47,31
3498,71,119,50,31,157,25,248,72,62
4781,56,54,238,65,80,106,64,147,113
1522,70,113,172,224,58,197,74,184,148
2941,92,115,92,91,134,188,72,55,106
2936,216,137,44,220,190,59,68,106,69
1309,104,197,12,10,56,144,37,56,45
1965,138,12,98,167,25,76,104,38,168
25,1,68,43,33,15,32,93,32,2
4360,147,175,59,98,176,122,44,88,45
4431,175,0,59,93,119,196,23,63,114
2699,224,246,41,4,11,17,8,24,42
2556,135,30,243,44,104,114,181,154,14
2902,96,225,140,64,118,249,64,15,58
4666,223,113,40,157,38,229,206,87,23
2109,18,73,134,50,249,196,79,85,60
1793,91,53,234,90,55,241,60,182,201
3132,35,94,6,226,20,6,116,121,15
4753,18,68,65,170,225,62,123,172,96
1251,62,12,84,50,145,88,86,186,23
2130,62,41,51,106,107,147,92,202,71
3749,24,106,64,127,97,12,93,113,91
707,133,128,98,3,44,47,184,72,210,2,7,12,38,75,67,206,46,244,46,132,212,174,88,60,156,70,38,51,78,46,43,84,35
2858,54,35,231,23,212,213,233,173,164,23,18,16,40,163,47,156,170,92,242,70,71,166,84,91,165,7,225,184,159,53,242,92,155
991,168,167,49,76,8,49,38,84,111,50,38,40,151,33,11,68,47,142,159,59,99,7,72,55,97,45,56,27,54,148,63,175,162
1637,185,247,13,18,134,111,57,8,23,102,151,113,71,197,35,36,190,27,94,9,5,63,76,200,44,175,217,162,176,33,25,35,18
2453,209,139,41,30,12,41,1,186,25,123,139,107,23,246,36,76,120,25,74,46,137,149,132,133,127,86,142,21,149,123,7,83,88
3831,143,175,44,38,27,58,93,94,16,1,77,11,60,218,193,158,43,222,37,51,37,25,238,65,49,108,46,30,142,163,27,24,220
398,207,143,25,240,234,93,15,107,33,68,5,119,58,43,128,237,64,17,9,137,113,137,44,67,124,62,86,111,125,140,223,18,193
4298,64,179,33,201,147,17,207,134,147,145,40,150,115,92,177,57,156,219,33,12,53,23,100,38,103,101,146,106,26,18,46,99,44
1898,223,65,246,200,174,130,64,107,177,60,138,184,0,86,100,6,164,70,141,20,212,61,1,169,194,170,198,52,90,41,169,39,5
4642,89,3,29,13,48,57,65,191
3611,188,167,148,136,3,215,192,74
3093,103,31,132,249,162,201,222,30
4763,244,12,87,179,96,112,111,91
2612,221,61,91,121,158,31,246,187
178,78,79,31,33,240,23,61,152
321,132,15,171,218,155,16,206,57
111,45,81,73,170,187,33,48,201
4824,225,137,173,153,111,183,204,3
2527,61,56,75,208,194,40,222,91
731,36,61,82,54,94,51,70,0
1180,50,5,125,37,180,119,129,126
1685,242,60,51,76,139,228,197,175
1700,197,5,36,11,194,52,142,156
3872,97,52,160,241,86,35,138,73
2971,158,147,243,16,177,212,139,40
2921,46,8,68,136,86,177,143,31
1211,227,20,66,69,6,140,63,49
4353,77,140,33,13,61,137,27,104
663,185,17,77,16,52,111,169,30
3039,12,96,81,110,214,60,48,115
799,181,140,124,193,33,100,4,118
3481,112,2,30,58,64,75,62,72
3278,214,141,140,207,34,198,87,117
1666,122,119,24,118,68,36,205,22
263,179,61,7,201,53,88,93,162
1125,69,139,91,205,249,118,45,76
3142,133,132,74,98,1,123,14,8
367,88,67,133,147,42,126,74,34
1083,73,223,96,167,15,25,12,81
1003,161,158,212,80,188,147,68,18
2697,228,55,131,95,20,236,66,23,24,36,84,142,90,71,220,203,22,1,184,142,86,90,26,241,56,120,189,17,75,145,111,7,236,12,102,45
1687,146,43,167,183,33,68,196,200,114,106,69,36,157,108,121,212,175,63,110,143,9,132,29,68,6,61,86,183,91,113,174,5,45,82,226,82
4588,8,32,218,11,174,30,168,96,101,20,76,84,155,19,51,39,3,19,121,147,92,11,20,18,134,160,229,31,143,55,75,110,35,4,94,151
4499,238,71,101,77,50,3,79,118,44,175,114,9,167,197,54,37,47,53,159,94,131,201,97,222,148,68,24,5,47,242,27,5,175,14,167,109
1273,151,208,151,140,42,75,31,17,16,56,29,19,18,235,87,91,8,85,241,145,240,22,97,10,17,141,14,156,33,47,29,238,6,12,123,35
258,64,178,9,46,18,100,221,61,198,159,119,66,26,57,214,69,85,14,195,52,180,21,124,16,124,128,52,41,209,144,166,6,139,127,209,74
4167,80,200,191,157,29,39,174,175,162,69,153,96,83,72,53,80,63,119,63,144,77,151,208,5,213,63,249,116,121,164,119,24,204,86,53,117
568,13,49,97,107,18,59,143,249,41,90,57,13,53,130,196,245,63,234,192,212,80,57,44,156,208,153,232,21,186,90,237,179,34,14,12,20
4483,0,95,140,95,5,172,22,39,108,102,101,33,21,185,112,52,61,83,100,210,115,228,216,78,207,51,103,183,211,55,89,14,94,150,7,165
1164,232,114,129,19,45,125,89,53,63,1,93
4131,84,87,132,122,12,144,41,51,121,108,222
336,42,119,34,224,3,108,193,50,209,131,20
4728,232,26,54,82,174,178,74,32,15,141,39
1131,172,74,111,134,160,108,30,46,23,17,203
4342,7,108,71,202,183,20,237,222,32,93,45
1447,225,58,19,109,35,45,131,36,3,224,204
839,216,128,193,166,106,184,132,15,157,85,126
870,153,104,21,243,33,188,124,210,91,244,17
4443,2,45,98,222,37,25,9,31,67,139,242
2447,168,150,22,0,80,22,116,11,198,32,162
196,210,55,19,28,33,79,68,28,50,119,24
4535,185,99,40,57,20,57,156,104,42,166,64
1942,166,168,118,28,11,194,2,66,76,14,32
339,100,123,202,44,195,5,56,174,24,67,70
4188,39,216,141,61,145,74,80,42,125,56,48
1298,18,41,202,8,129,17,46,55,106,13,47
1029,14,190,198,42,35,94,159,63,188,96,103
4511,195,64,49,196,40,234,145,75,220,165,124
4710,47,7,201,207,14,2,120,2,124,171,84
3155,179,1,78,124,225,213,69,6,168,24,137
4025,169,159,161,111,49,61,63,55,62,28,42
3217,191,28,97,107,125,128,9,167,86,34,215
3570,26,203,147,121,41,194,75,207,220,8,3
3419,124,21,15,85,36,218,68,93,88,45,140,82,52,35,52,58,26,6,16,248,163,54,1,137,108,15,23,48,67,192,86,39,236,47,150
3114,157,42,144,51,206,46,166,123,20,54,190,208,25,56,40,48,5,166,44,77,3,108,218,6,185,26,54,143,2,31,20,210,170,78,55
3499,175,0,44,40,134,127,101,24,44,168,10,65,129,114,7,166,124,128,17,141,67,185,56,17,239,21,85,5,238,110,18,67,133,59,154
3125,113,20,6,242,22,6,140,68,43,205,122,24,116,24,78,238,55,157,198,68,50,230,133,57,175,92,204,89,158,145,217,155,69,92,165
211,218,194,181,48,10,58,10,191,46,108,9,86,219,53,97,9,128,29,168,127,72,19,121,108,128,237,205,168,188,37,5,17,95,116,24
479,185,48,27,187,106,245,46,6,117,27,101,238,85,7,223,241,26,79,117,48,109,78,7,236,87,218,61,9,42,1,134,76,228,70,66
4870,151,13,48,236,21,26,48,53,164,150,215,108,215,9,107,23,62,244,119,239,184,170,123,39,119,142,111,91,67,11,110,143,208,37,107
1203,186,69,7,186,23,49,222,96,98,79,24,187,5,69,79,60,32,82,13,219,172,113,157,132,47,31,60,131,217,245,11,47,5,1,34
4591,209,41,114,15,29,126,211,20,54,152,140,100,52,59,108,186,70,242,2,98,121,86,3,71,28,33,171,157,99,76,104,166,40,78,217
1659,77,20,77,27,13,45,39,44,3,234
